LAPORAN KAS BCA DISMA BULAN JANUARI 2026;;;;;;
;;;;;;
TGL;KETERANGAN;SALDO AWAL;KAS MASUK;KAS KELUAR;SALDO AKHIR;
;;;;;;
;; Rp	10.859.879,30 ;;; Rp	10.859.879,30 ;
01-Jan;Pembelian Lestari 2Januari'26;;; Rp	1.775.000,00 ; Rp	9.084.879,30 ;
;Uang Belanja Hilman 2Januari'26;;; Rp	8.500.000,00 ; Rp	584.879,30 ;
02-Jan;Disma Operasional Cost Dari Bank Bri;; Rp	40.000.000,00 ;; Rp	40.584.879,30 ;
;Disma Operasional Cost Dari Bank Mandiri;; Rp	70.000.000,00 ;; Rp	110.584.879,30 ;
;Pembelian Pak Andi 2Januari'26;;; Rp	85.000.000,00 ; Rp	25.584.879,30 ;
;Pembelian Rafflesia 31Desember'25;;; Rp	350.000,00 ; Rp	25.234.879,30 ;
;Pembelian Pak Yana 31Desember'25;;; Rp	1.085.000,00 ; Rp	24.149.879,30 ;
;Pembelian Kentang Aviko Shoestring@2,5Kg 7Pack Shopee 2Januari'25;;; Rp	410.560,00 ; Rp	23.739.319,30 ;
;Pembelian Kentang Aviko Shoestring@2,5Kg 7Pack Shopee 2Januari'25;;; Rp	410.560,00 ; Rp	23.328.759,30 ;
;Pembelian Kentang Aviko Shoestring@2,5Kg 6Pack Shopee 2Januari'25;;; Rp	352.480,00 ; Rp	22.976.279,30 ;
;Marketing;;; Rp	136.000,00 ; Rp	22.840.279,30 ;
;Uang Belanja Hilman 31Desember'25;;; Rp	589.000,00 ; Rp	22.251.279,30 ;
;Marketing;;; Rp	150.000,00 ; Rp	22.101.279,30 ;
;Biaya Bank;;; Rp	2.500,00 ; Rp	22.098.779,30 ;
;Pembelian Delta Adib 31Desember'25;;; Rp	297.500,00 ; Rp	21.801.279,30 ;
;Pendanaan Angel Investor 1Bulan Balik;; Rp	104.950.000,00 ;; Rp	126.751.279,30 ;
;Pembelian Sajiku Tepung Serbaguna@220Gr 28Pack Shopee 2Januari'26;;; Rp	195.720,00 ; Rp	126.555.559,30 ;
;Pembelian Sunlight 4,5L@6Jrg Tokopedia 2Januari'26;;; Rp	555.240,00 ; Rp	126.000.319,30 ;
;Pembelian Pak Yana 2Januari'26;;; Rp	1.050.000,00 ; Rp	124.950.319,30 ;
;Pembelian BakingLand 2Januari'26;;; Rp	360.000,00 ; Rp	124.590.319,30 ;
;Pembelian Milac Gold Cooking Cream@1Ltr 12Pack Shopee 2Januari'26;;; Rp	861.163,00 ; Rp	123.729.156,30 ;
;Uang Harian Pak Purnomo 2Januari'26;;; Rp	600.000,00 ; Rp	123.129.156,30 ;
;Pembelian Aldiansyah 15-20Desember'25;;; Rp	34.733.500,00 ; Rp	88.395.656,30 ;
;Pembelian Tasmi Fresh 15-20Desember'25;;; Rp	40.514.000,00 ; Rp	47.881.656,30 ;
;Pembelian Suminto 15-17Desember'25;;; Rp	900.000,00 ; Rp	46.981.656,30 ;
;Pembelian Safira 2Januari'25;;; Rp	885.000,00 ; Rp	46.096.656,30 ;
;Uang Operasional Rifai 2Januari'25;;; Rp	72.000,00 ; Rp	46.024.656,30 ;
;Pembelian Lestari 3Januari'25;;; Rp	960.000,00 ; Rp	45.064.656,30 ;
;Uang Belanja Hilman 3Januari'26;;; Rp	6.500.000,00 ; Rp	38.564.656,30 ;
;Uang Harian Pak Ifan 2Januari'26;;; Rp	150.000,00 ; Rp	38.414.656,30 ;
;Uang Harian Pak Hendy 2Januari'26;;; Rp	100.000,00 ; Rp	38.314.656,30 ;
;Uang Transportasi Mingguan Marketing;;; Rp	200.000,00 ; Rp	38.114.656,30 ;
03-Jan;Pengembalian Dana Refund Sumpit Bambu@50Pcs 50Pack 30Desember'25;; Rp	345.999,00 ;; Rp	38.460.655,30 ;
;Pembelian Sumpit Bambu@50Pcs 50Pack Shopee 3Januari'26;;; Rp	317.400,00 ; Rp	38.143.255,30 ;
;Pembelian Tissue Plenty Kitchen Towel Rolls@2Pcs 24Pack Tokopedia 3Januari'25;;; Rp	333.030,00 ; Rp	37.810.225,30 ;
;Kembalian Uang Belanja Hilman 29Desember'25;; Rp	263.000,00 ;; Rp	38.073.225,30 ;
;Kembalian Uang Belanja Hilman 30Desember'25;; Rp	285.000,00 ;; Rp	38.358.225,30 ;
;Pembelian Pak Yana 3Januari'25;;; Rp	1.050.000,00 ; Rp	37.308.225,30 ;
;Pembelian Safira 3Januari'25;;; Rp	420.000,00 ; Rp	36.888.225,30 ;
;Pembelian BakingLand 3Januari'26;;; Rp	710.000,00 ; Rp	36.178.225,30 ;
;Pembelian Plastik PEJeruk 15x30 10Pack Shopee 3Januari'25;;; Rp	71.500,00 ; Rp	36.106.725,30 ;
;Uang Operasional Rifai 3Januari'25;;; Rp	52.000,00 ; Rp	36.054.725,30 ;
;Uang Belanja Hilman 5Januari'25;;; Rp	1.000.000,00 ; Rp	35.054.725,30 ;
;Marketing;;; Rp	345.546,00 ; Rp	34.709.179,30 ;
;Hilman Salan Transfer Ke Bca Pak Damar 3Januari'25;; Rp	2.050.000,00 ;; Rp	36.759.179,30 ;
;Pengembalian Salah Transfer Hilman 3Januari'25;;; Rp	2.050.000,00 ; Rp	34.709.179,30 ;
;Uang Harian Lalamove Pak Purnomo 2Mobil 3Januari'26;;; Rp	800.000,00 ; Rp	33.909.179,30 ;
;Uang Harian Pak Ifan 3Januari'26;;; Rp	150.000,00 ; Rp	33.759.179,30 ;
04-Jan;Marketing;;; Rp	100.000,00 ; Rp	33.659.179,30 ;
;Biaya Bank;;; Rp	2.500,00 ; Rp	33.656.679,30 ;
;Uang Harian Pak Hendy 3Januari'26;;; Rp	100.000,00 ; Rp	33.556.679,30 ;
;Uang Harian Pak Hendy 4Januari'26;;; Rp	150.000,00 ; Rp	33.406.679,30 ;
;Uang Harian Pak Ifan 4Januari'26;;; Rp	150.000,00 ; Rp	33.256.679,30 ;
;Uang Belanja Hilman 5Januari'25;;; Rp	15.500.000,00 ; Rp	17.756.679,30 ;
05-Jan;Pembelian Safira 4Januari'25;;; Rp	420.000,00 ; Rp	17.336.679,30 ;
;Pembelian Windmolen Cocoa Powder@165Gr 24Pack Shopee 5Januari'26;;; Rp	676.320,00 ; Rp	16.660.359,30 ;
;Pembelian Struk Thermal 80x80 24 Roll Shopee 5Januari'26;;; Rp	331.240,00 ; Rp	16.329.119,30 ;
;Pembelian BakingLand 5Januari'26;;; Rp	989.000,00 ; Rp	15.340.119,30 ;
;Uang Belanja Hilman 4Januari'25;;; Rp	3.500.000,00 ; Rp	11.840.119,30 ;
;Makan Anak-Anak 5Januari'26;;; Rp	201.000,00 ; Rp	11.639.119,30 ;
;Pengembalian Dana Refund Windmolen Cocoa Powder@165Gr 24Pack Shopee 5Januari'26;; Rp	673.820,00 ;; Rp	12.312.939,30 ;
;Pembelian Delta Adib 5Januari'25;;; Rp	577.500,00 ; Rp	11.735.439,30 ;
;Uang Belanja Hilman 6Januari'26;;; Rp	9.000.000,00 ; Rp	2.735.439,30 ;
;Uang Harian Pak Purnomo 5Januari'26;;; Rp	400.000,00 ; Rp	2.335.439,30 ;
;Uang Harian Pak Ifan 5Januari'26;;; Rp	150.000,00 ; Rp	2.185.439,30 ;
;Uang Harian Pak Hendy 5Januari'26;;; Rp	100.000,00 ; Rp	2.085.439,30 ;
06-Jan;Pembelian Mitra Kirim 6Jan'26;;; Rp	77.510,00 ; Rp	2.007.929,30 ;
;Pembelian Safira 6Januari'25;;; Rp	1.305.000,00 ; Rp	702.929,30 ;
;Service 2AC Kantor 6Januari'26;;; Rp	140.000,00 ; Rp	562.929,30 ;
;Disma Operasional Cost Dari Bank Bri;; Rp	40.000.000,00 ;; Rp	40.562.929,30 ;
;Pembelian Agro Boga 6Januari'26;;; Rp	1.980.000,00 ; Rp	38.582.929,30 ;
;Biaya Bank;;; Rp	2.500,00 ; Rp	38.580.429,30 ;
;Pembelian Windmolen Cocoa Powder@165Gr 24Pack Shopee 6Januari'26;;; Rp	820.800,00 ; Rp	37.759.629,30 ;
;Pembelian Pak Yana 6Januari'26;;; Rp	1.050.000,00 ; Rp	36.709.629,30 ;
;Pembelian Aa Alan 26Desember'26;;; Rp	4.036.000,00 ; Rp	32.673.629,30 ;
;Pembelian Diamond Uht Milk Palin@1Liter 17Pack Shopee 6Januari'26;;; Rp	340.585,00 ; Rp	32.333.044,30 ;
;Pembelian Segar Global 6Januari'26;;; Rp	780.000,00 ; Rp	31.553.044,30 ;
;Pembelian Sos Karbol Anti Bacterial@4Ltr 1Jrg Shopee 6Januari'26;;; Rp	51.878,00 ; Rp	31.501.166,30 ;
;Uang Operasional Rifai 5Januari'26;;; Rp	22.000,00 ; Rp	31.479.166,30 ;
;Pembelian Hijrah Food 6Januari'26;;; Rp	1.425.000,00 ; Rp	30.054.166,30 ;
;Pembelian Beras Thai Farm Hom Mali@5Kg 2Krg Tokopedia 6Januari'26;;; Rp	469.800,00 ; Rp	29.584.366,30 ;
;Pembelian Bernardi Corned Beef@290Gr 7Can Shopee 6Januari'26;;; Rp	363.996,00 ; Rp	29.220.370,30 ;
;Pembelian Kentang Aviko Shoestring@2,5Kg 8Pack Shopee 6Januari'26;;; Rp	489.760,00 ; Rp	28.730.610,30 ;
;Pembelian Mc Chain Spriral Twister Curly@1,8Kg 8Pack Shopee 6Januari'26;;; Rp	1.159.520,00 ; Rp	27.571.090,30 ;
;Marketing;;; Rp	45.000,00 ; Rp	27.526.090,30 ;
;Marketing;;; Rp	100.000,00 ; Rp	27.426.090,30 ;
;Marketing;;; Rp	50.000,00 ; Rp	27.376.090,30 ;
;Pembelian Lestari 7Januari'26;;; Rp	1.840.000,00 ; Rp	25.536.090,30 ;
;Uang Belanja Hilman 7Januari'26;;; Rp	6.500.000,00 ; Rp	19.036.090,30 ;
;Uang Harian Pak Ifan 6Januari'26;;; Rp	150.000,00 ; Rp	18.886.090,30 ;
07-Jan;Marketing;;; Rp	50.000,00 ; Rp	18.836.090,30 ;
;Biaya Bank;;; Rp	2.500,00 ; Rp	18.833.590,30 ;
;Marketing;;; Rp	23.000,00 ; Rp	18.810.590,30 ;
;Pembelian Delta Adib 7Januari'26;;; Rp	350.000,00 ; Rp	18.460.590,30 ;
;Pembelian BakingLand 7Januari'26;;; Rp	95.000,00 ; Rp	18.365.590,30 ;
;Uang Belanja Hilman 7Januari'26;;; Rp	184.000,00 ; Rp	18.181.590,30 ;
;Kembalian Uang Belanja Hilman 2Januari'26;; Rp	443.000,00 ;; Rp	18.624.590,30 ;
;Kembalian Uang Belanja Hilman 3Januari'26;; Rp	192.000,00 ;; Rp	18.816.590,30 ;
;Kembalian Uang Belanja Hilman 4Januari'26;; Rp	71.000,00 ;; Rp	18.887.590,30 ;
;Kembalian Uang Belanja Hilman 5Januari'26;; Rp	236.000,00 ;; Rp	19.123.590,30 ;
;Kembalian Uang Belanja Hilman 29Desember'25;; Rp	263.000,00 ;; Rp	19.386.590,30 ;
;Kembalian Uang Belanja Hilman 30Desember'25;; Rp	285.000,00 ;; Rp	19.671.590,30 ;
;Uang Harian Pak Ifan 7Januari'26;;; Rp	150.000,00 ; Rp	19.521.590,30 ;
;Pengembalian Uang Belanja Hilman Double 29Desember'25;;; Rp	263.000,00 ; Rp	19.258.590,30 ;
;Pengembalian Uang Belanja Hilman Double 30Desember'25;;; Rp	285.000,00 ; Rp	18.973.590,30 ;
;Uang Belanja Hilman 8Januari'26;;; Rp	5.000.000,00 ; Rp	13.973.590,30 ;
;Uang Operasional Pak Ifan 7Januari'26;;; Rp	52.000,00 ; Rp	13.921.590,30 ;
08-Jan;Pembelian Minyak Sania Bib@18Liter 2Ctn Tokopedia 8Januari'26;;; Rp	822.628,00 ; Rp	13.098.962,30 ;
;Pembelian Diamond Uht Milk Palin@1Liter 12Pack Shopee 8Januari'26;;; Rp	249.900,00 ; Rp	12.849.062,30 ;
;Marketing;;; Rp	97.405,00 ; Rp	12.751.657,30 ;
;Pembelian Pak Yana 8Januari'26;;; Rp	1.050.000,00 ; Rp	11.701.657,30 ;
;Marketing;;; Rp	50.000,00 ; Rp	11.651.657,30 ;
;Pembelian Nescafe Classic@200Gr 5Jar Shopee 8Januari'26;;; Rp	550.665,00 ; Rp	11.100.992,30 ;
;Pembelian Mc Chain Spriral Twister Curly@1,8Kg 10Pack Shopee 8Januari'26;;; Rp	1.542.600,00 ; Rp	9.558.392,30 ;
;Pembelian Mc Chain Spriral Twister Curly@1,8Kg 10Pack Shopee 8Januari'26;;; Rp	1.448.400,00 ; Rp	8.109.992,30 ;
;Uang Belanja Hilman 9Januari'26;;; Rp	5.500.000,00 ; Rp	2.609.992,30 ;
;Marketing;;; Rp	512.200,00 ; Rp	2.097.792,30 ;
;Marketing;;; Rp	50.000,00 ; Rp	2.047.792,30 ;
09-Jan;Pembelian Safira 9Januari'25;;; Rp	415.000,00 ; Rp	1.632.792,30 ;
;Marketing;;; Rp	200.000,00 ; Rp	1.432.792,30 ;
;Biaya Bank;;; Rp	2.500,00 ; Rp	1.430.292,30 ;
;Marketing;;; Rp	172.000,00 ; Rp	1.258.292,30 ;
;Uang Belanja Bagus 9Januari'26;;; Rp	300.000,00 ; Rp	958.292,30 ;
;Pembelian Diamond Uht Milk Palin@1Liter 12Pack Shopee 9Januari'26;;; Rp	263.500,00 ; Rp	694.792,30 ;
;Disma Operasional Cost Dari Bank Bri;; Rp	165.000.000,00 ;; Rp	165.694.792,30 ;
;Disma Operasional Cost Dari Bank Mandiri;; Rp	50.000.000,00 ;; Rp	215.694.792,30 ;
;Pembelian Aldiansyah 22-28Desember'25;;; Rp	68.057.500,00 ; Rp	147.637.292,30 ;
;Pembelian Tasmi Fresh 22-27Desember'25;;; Rp	44.925.000,00 ; Rp	102.712.292,30 ;
;Pembelian Suminto 23-27Desember'25;;; Rp	795.000,00 ; Rp	101.917.292,30 ;
;Pembelian Lumbira 27Desember'25;;; Rp	15.600.000,00 ; Rp	86.317.292,30 ;
;Pembelian AA Utom 30-31Desember'25;;; Rp	22.950.000,00 ; Rp	63.367.292,30 ;
;Pembelian AA Utom 2-3Januari'26;;; Rp	37.009.000,00 ; Rp	26.358.292,30 ;
;Uang Belanja Hilman 10Januari'26;;; Rp	9.500.000,00 ; Rp	16.858.292,30 ;
10-Jan;Uang Harian Pak Ifan 8-9 Januari'26;;; Rp	200.000,00 ; Rp	16.658.292,30 ;
;Uang Belanja Hilman 9Januari'26;;; Rp	1.984.000,00 ; Rp	14.674.292,30 ;
;Pembelian Pak Yana 10Januari'26;;; Rp	1.050.000,00 ; Rp	13.624.292,30 ;
;Uang Operasional Rifai 10Januari'25;;; Rp	52.000,00 ; Rp	13.572.292,30 ;
;Pembelian Delta Adib 10Januari'26;;; Rp	280.000,00 ; Rp	13.292.292,30 ;
;Uang Belanja Hilman 12Januari'26;;; Rp	6.700.000,00 ; Rp	6.592.292,30 ;
;Pembelian Smoke Beef Aroma@1Kg 5Pack Shopee 10Januari'26;;; Rp	799.400,00 ; Rp	5.792.892,30 ;
;Uang Harian Lalamove Pak Purnomo 2Mobil 10Januari'26;;; Rp	800.000,00 ; Rp	4.992.892,30 ;
;Uang Harian Pak Ifan 10Januari'26;;; Rp	150.000,00 ; Rp	4.842.892,30 ;
;Uang Belanja Hilman 11Januari'26;;; Rp	3.000.000,00 ; Rp	1.842.892,30 ;
12-Jan;Uang Belanja Hilman 12Januari'26;;; Rp	1.700.000,00 ; Rp	142.892,30 ;
;Disma Operasional Cost Dari Bank Bri;; Rp	10.000.000,00 ;; Rp	10.142.892,30 ;
;Internet Indosat Hifi ;;; Rp	382.950,00 ; Rp	9.759.942,30 ;
;Uang Lembur Bagus 11Januari'26;;; Rp	50.000,00 ; Rp	9.709.942,30 ;
;Marketing;;; Rp	610.000,00 ; Rp	9.099.942,30 ;
;Pembelian Sagu Tani Liauw Liong Fit@1Kg 10Pack Shopee 12Januari'26;;; Rp	301.320,00 ; Rp	8.798.622,30 ;
;Uang Operasional Rifai 10Januari'25;;; Rp	50.000,00 ; Rp	8.748.622,30 ;
;Pembelian Safira 11Januari'25;;; Rp	410.000,00 ; Rp	8.338.622,30 ;
;Pembelian Safira 12Januari'25;;; Rp	410.000,00 ; Rp	7.928.622,30 ;
;Pembelian Bernardi Corned Beef@290Gr 10Can Shopee 12Januari'26;;; Rp	495.920,00 ; Rp	7.432.702,30 ;
;Pembelian Madu Uray@875Gr 4Btl Shopee 12Januari'26;;; Rp	619.160,00 ; Rp	6.813.542,30 ;
;Pembelian Grapesed Oil Borges@1Liter 5Btl Shopee 12Januari'26;;; Rp	691.009,00 ; Rp	6.122.533,30 ;
;Pembelian Sunlight 4,5L@5Jrg Tokopedia 12Januari'26;;; Rp	444.492,00 ; Rp	5.678.041,30 ;
;Pembelian Diamond Uht Full Cream@1Liter 24Pack Shopee 12Januari'26;;; Rp	492.800,00 ; Rp	5.185.241,30 ;
;Pembelian Pak Yana 11Januari'26;;; Rp	525.000,00 ; Rp	4.660.241,30 ;
;Uang Belanja Hilman 11Januari'26;;; Rp	1.275.000,00 ; Rp	3.385.241,30 ;
;Pembelian Condy Lemon Concentrate@200Ml 5Btl Shopee 12Januari'26;;; Rp	136.200,00 ; Rp	3.249.041,30 ;
;Uang Harian Lalamove Pak Purnomo 12Januari'26;;; Rp	250.000,00 ; Rp	2.999.041,30 ;
;Uang Harian Pak Ifan 12Januari'26;;; Rp	150.000,00 ; Rp	2.849.041,30 ;
;Pembelian Pak Yana 12Januari'26;;; Rp	525.000,00 ; Rp	2.324.041,30 ;
;Uang Belanja Bagus 12Januari'26;;; Rp	400.000,00 ; Rp	1.924.041,30 ;
;Pembelian Bumbu Mala Hot Pot Cap Kaki Jempol@1Kg 5Pack Shopee 12Januari'26;;; Rp	572.844,00 ; Rp	1.351.197,30 ;
;Pembelian Delta Adib 12Januari'26;;; Rp	280.000,00 ; Rp	1.071.197,30 ;
;Disma Operasional Cost Dari Bank Bri;; Rp	40.000.000,00 ;; Rp	41.071.197,30 ;
;Uang Belanja Hilman 12Januari'26;;; Rp	2.851.000,00 ; Rp	38.220.197,30 ;
;Pembelian Lestari 13Januari'25;;; Rp	1.870.000,00 ; Rp	36.350.197,30 ;
;Uang Belanja Hilman 13Januari'26;;; Rp	9.300.000,00 ; Rp	27.050.197,30 ;
;Uang Lembur Bagus 12Januari'26;;; Rp	50.000,00 ; Rp	27.000.197,30 ;
;Uang Lembur Sifa 12Januari'26;;; Rp	50.000,00 ; Rp	26.950.197,30 ;
13-Jan;Tagihan Kyo Jatiwaringin 17November-14Desember'25 & Tagihan Kyo Astha 24November-14Desember'25;; Rp	5.587.000,00 ;; Rp	32.537.197,30 ;
;Marketing;;; Rp	100.000,00 ; Rp	32.437.197,30 ;
;Biaya Bank;;; Rp	2.500,00 ; Rp	32.434.697,30 ;
;Pembelian Kentang Aviko Shoestring@2,5Kg 4Pack Shopee 13Januari'26;;; Rp	256.800,00 ; Rp	32.177.897,30 ;
;Pembelian Pak Yana 13Januari'26;;; Rp	525.000,00 ; Rp	31.652.897,30 ;
;Pembelian Delta Adib 13Januari'26;;; Rp	315.000,00 ; Rp	31.337.897,30 ;
;Pembelian Safira 13Januari'26;;; Rp	1.245.000,00 ; Rp	30.092.897,30 ;
;Listrik Kantor;;; Rp	2.380.275,00 ; Rp	27.712.622,30 ;
;Pembelian Bertoli White Vinegar@500Ml 1Btl Shopee 13Januari'26;;; Rp	61.000,00 ; Rp	27.651.622,30 ;
;Pembelian Agro Boga 13Januari'26;;; Rp	1.540.000,00 ; Rp	26.111.622,30 ;
;Biaya Bank;;; Rp	2.500,00 ; Rp	26.109.122,30 ;
;Pembelian Beras Thai Farm Hom Mali@5Kg 2Krg Shopee 13Januari'26;;; Rp	496.000,00 ; Rp	25.613.122,30 ;
;Uang Belanja Hilman 14Januari'26;;; Rp	9.500.000,00 ; Rp	16.113.122,30 ;
14-Jan;Pembelian Hijrah Food 14Januari'26;;; Rp	1.425.000,00 ; Rp	14.688.122,30 ;
;Uang Belanja Hilman 14Januari'26;;; Rp	764.000,00 ; Rp	13.924.122,30 ;
;Pembelian Pak Yana 14Januari'26;;; Rp	1.050.000,00 ; Rp	12.874.122,30 ;
;Pembelian Delta Adib 14Januari'26;;; Rp	175.000,00 ; Rp	12.699.122,30 ;
;Pembelian Safira 14Januari'25;;; Rp	405.000,00 ; Rp	12.294.122,30 ;
;Marketing;;; Rp	50.000,00 ; Rp	12.244.122,30 ;
;Pembelian Milac Gold Cooking Cream@1Ltr 12Pack Shopee 14Januari'26;;; Rp	821.275,00 ; Rp	11.422.847,30 ;
;Pembelian Lady Finger Vicenzova@200Gr 5pack Shopee 14Januari'26;;; Rp	247.442,00 ; Rp	11.175.405,30 ;
;Marketing;;; Rp	50.000,00 ; Rp	11.125.405,30 ;
;Uang Belanja Hilman 15Januari'26;;; Rp	4.500.000,00 ; Rp	6.625.405,30 ;
;Pembelian Salted Egg Yolk Golden Isi 20Pcs 20Pack Shopee 14Januari'26;;; Rp	2.101.600,00 ; Rp	4.523.805,30 ;
15-Jan;Pembelian Toko Rafflesia 15Januari'26;;; Rp	1.260.000,00 ; Rp	3.263.805,30 ;
;Uang Lembur Rifai 13 & 14 Januari'26;;; Rp	100.000,00 ; Rp	3.163.805,30 ;
;Pembelian Safira 15Januari'26;;; Rp	832.500,00 ; Rp	2.331.305,30 ;
;Pembelian Pak Yana 15Januari'26;;; Rp	1.050.000,00 ; Rp	1.281.305,30 ;
;Pembelian Delta Adib 15Januari'26;;; Rp	70.000,00 ; Rp	1.211.305,30 ;
;Uang Operasional Pak Ifan 15Januari'26;;; Rp	152.000,00 ; Rp	1.059.305,30 ;
;Disma Operasional Cost Dari Bank Bri;; Rp	50.000.000,00 ;; Rp	51.059.305,30 ;
;Pembelian Syrup Monin Leci@700Ml 3Btl Tokopedia 15Januari'26;;; Rp	399.900,00 ; Rp	50.659.405,30 ;
;Pembelian BakingLand 15Januari'26;;; Rp	382.000,00 ; Rp	50.277.405,30 ;
;Pembelian Toko Rafflesia 15Januari'26;;; Rp	140.000,00 ; Rp	50.137.405,30 ;
;Uang Belanja Hilman 15Januari'26;;; Rp	753.000,00 ; Rp	49.384.405,30 ;
;Pembelian Bertoli White Vinegar@500Ml 1Btl Shopee 15Januari'26;;; Rp	61.000,00 ; Rp	49.323.405,30 ;
;Pembelian Plastik Wrapping 35x500m 1Roll Shopee 15Januari'26;;; Rp	123.801,00 ; Rp	49.199.604,30 ;
;Uang Belanja Hilman 16Januari'26;;; Rp	5.500.000,00 ; Rp	43.699.604,30 ;
16-Jan;Uang Harian Pak Ifan 15Januari'26;;; Rp	150.000,00 ; Rp	43.549.604,30 ;
;Pengembalian Dana Refund Syrup Monin Leci@700Ml 1Btl Tokopedia 15Januari'26;; Rp	132.000,00 ;; Rp	43.681.604,30 ;
;Pembelian Syrup Monin Leci@700Ml 1Btl Tokopedia 16Januari'26;;; Rp	142.400,00 ; Rp	43.539.204,30 ;
;Pembelian Pak Yana 16Januari'26;;; Rp	1.050.000,00 ; Rp	42.489.204,30 ;
;Pembelian Delta Adib 16Januari'26;;; Rp	472.500,00 ; Rp	42.016.704,30 ;
;Pembelian Safira 16Januari'25;;; Rp	800.000,00 ; Rp	41.216.704,30 ;
;Pembelian Mc Chain Spriral Twister Curly@1,8Kg 10Pack Shopee 16Januari'26;;; Rp	1.542.600,00 ; Rp	39.674.104,30 ;
;Pembelian Kentang Aviko Shoestring@2,5Kg 5Pack Shopee 16Januari'26;;; Rp	334.000,00 ; Rp	39.340.104,30 ;
;Pembelian Kentang Aviko Shoestring@2,5Kg 5Pack Shopee 16Januari'26;;; Rp	334.000,00 ; Rp	39.006.104,30 ;
;Disma Operasional Cost Dari Bank Bri;; Rp	50.000.000,00 ;; Rp	89.006.104,30 ;
;Kembalian Uang Belanja Hilman 6Januari'26;; Rp	343.000,00 ;; Rp	89.349.104,30 ;
;Kembalian Uang Belanja Hilman 8Januari'26;; Rp	729.000,00 ;; Rp	90.078.104,30 ;
;Kembalian Uang Belanja Hilman 10Januari'26;; Rp	200.000,00 ;; Rp	90.278.104,30 ;
;Pengembalian Dana Refund Bertoli White Vinager@500Ml 1Btl Shopee 15Januari'26;; Rp	58.500,00 ;; Rp	90.336.604,30 ;
;Service Mobil Grandmax TCO 16Januari'26;;; Rp	920.000,00 ; Rp	89.416.604,30 ;
;Pembelian Aldiansyah 30-31Desember'25;;; Rp	30.665.000,00 ; Rp	58.751.604,30 ;
;Pembelian Suminto 30Desember'25;;; Rp	120.000,00 ; Rp	58.631.604,30 ;
;Pembelian Tasmi Fresh 30-31Desember'25;;; Rp	22.680.000,00 ; Rp	35.951.604,30 ;
;Uang Belanja Hilman 17Januari'26;;; Rp	4.000.000,00 ; Rp	31.951.604,30 ;
;Uang Belanja Hilman 17Januari'26;;; Rp	4.500.000,00 ; Rp	27.451.604,30 ;
;Biaya Adm;;; Rp	20.000,00 ; Rp	27.431.604,30 ;
17-Jan;Pembelian Pak Yana 17Januari'26;;; Rp	1.050.000,00 ; Rp	26.381.604,30 ;
;Pembelian Delta Adib 17Januari'26;;; Rp	210.000,00 ; Rp	26.171.604,30 ;
;Pembelian Safira 17Januari'25;;; Rp	800.000,00 ; Rp	25.371.604,30 ;
;Uang Belanja Hilman 17Januari'26;;; Rp	1.389.000,00 ; Rp	23.982.604,30 ;
;Uang Belanja Hilman 19Januari'26;;; Rp	8.000.000,00 ; Rp	15.982.604,30 ;
;Marketing;;; Rp	388.702,00 ; Rp	15.593.902,30 ;
;Marketing;;; Rp	500.000,00 ; Rp	15.093.902,30 ;
;Marketing;;; Rp	50.000,00 ; Rp	15.043.902,30 ;
;Biaya Bank;;; Rp	2.500,00 ; Rp	15.041.402,30 ;
19-Jan;Pembelian Toko Omo 19Januari'26;;; Rp	1.820.000,00 ; Rp	13.221.402,30 ;
;Pembelian Safira 18Januari'25;;; Rp	800.000,00 ; Rp	12.421.402,30 ;
;Pembelian Safira 19Januari'25;;; Rp	395.000,00 ; Rp	12.026.402,30 ;
;Pembelian Delta Adib 18Januari'26;;; Rp	175.000,00 ; Rp	11.851.402,30 ;
;Pembelian Delta Adib 19Januari'26;;; Rp	262.500,00 ; Rp	11.588.902,30 ;
;Pembelian Pak Yana 18Januari'26;;; Rp	700.000,00 ; Rp	10.888.902,30 ;
;Pembelian Pak Yana 19Januari'26;;; Rp	1.015.000,00 ; Rp	9.873.902,30 ;
;Uang Lembur Rifai 15Januari'26;;; Rp	50.000,00 ; Rp	9.823.902,30 ;
;Uang Lembur Bagus 18Januari'26;;; Rp	50.000,00 ; Rp	9.773.902,30 ;
;Uang Belanja Hilman 19Januari'26;;; Rp	368.000,00 ; Rp	9.405.902,30 ;
;Uang Belanja Hilman 18Januari'26;;; Rp	4.000.000,00 ; Rp	5.405.902,30 ;
;Service Mobil Grandmax TCL 17Januari'26;;; Rp	1.050.000,00 ; Rp	4.355.902,30 ;
;Service Mobil Grandmax TCL 17Januari'26;;; Rp	10.000,00 ; Rp	4.345.902,30 ;
;Pembelian Salted Egg Yolk Golden Isi 20Pcs 20Pack Shopee 19Januari'26;;; Rp	2.059.800,00 ; Rp	2.286.102,30 ;
;Pembelian Cetakan Nama Disma Fresh Untuk Keranjang 19Januari'26;;; Rp	46.308,00 ; Rp	2.239.794,30 ;
;Disma Operasional Cost Dari Bank Bri;; Rp	20.000.000,00 ;; Rp	22.239.794,30 ;
;Pembelian Windmolen Cocoa Powder@165Gr 10Pack Shopee 19Januari'26;;; Rp	360.197,00 ; Rp	21.879.597,30 ;
;Uang Belanja Hilman 20Januari'26;;; Rp	9.500.000,00 ; Rp	12.379.597,30 ;
;Pembelian Lestari 20Januari'25;;; Rp	1.455.000,00 ; Rp	10.924.597,30 ;
;Marketing;;; Rp	888.000,00 ; Rp	10.036.597,30 ;
20-Jan;Pembelian Syrup Monin Leci@700Ml 2Btl Tokopedia 20Januari'26;;; Rp	277.500,00 ; Rp	9.759.097,30 ;
;Pembelian Kantong Palstik Pex Bawang Uk20 10Pack Shopee 20Januari'26;;; Rp	129.700,00 ; Rp	9.629.397,30 ;
;Pembelian Mie Cap Kemudi@500Gr 5Pack Shopee 20Januari'26;;; Rp	142.140,00 ; Rp	9.487.257,30 ;
;Marketing;;; Rp	50.000,00 ; Rp	9.437.257,30 ;
;Pembelian Diamond Uht Full Cream@1Liter 12Pack Shopee 20Januari'26;;; Rp	231.712,00 ; Rp	9.205.545,30 ;
;Pembelian Safira 20Januari'25;;; Rp	795.000,00 ; Rp	8.410.545,30 ;
;Pembelian Delta Adib 20Januari'26;;; Rp	350.000,00 ; Rp	8.060.545,30 ;
;Uang Belanja Hilman 20Januari'26;;; Rp	517.000,00 ; Rp	7.543.545,30 ;
;Tagihan Kyo Jatiwaringin 8-14Desember'25 & Tagihan Kyo Astha 15-21Desember'25;; Rp	3.058.000,00 ;; Rp	10.601.545,30 ;
;Pembelian Kewpie Mayo Base Type@3Kg 1Pack Shopee 20Januari'26;;; Rp	134.700,00 ; Rp	10.466.845,30 ;
;Marketing;;; Rp	101.000,00 ; Rp	10.365.845,30 ;
;Pembelian Kewpie Wijen Sangrai@1Liter 1Pack 20Januari'26;;; Rp	90.030,00 ; Rp	10.275.815,30 ;
;Uang Belanja Hilman 21Januari'26;;; Rp	9.500.000,00 ; Rp	775.815,30 ;
;Uang Harian Pak Ifan 20Januari'26;;; Rp	150.000,00 ; Rp	625.815,30 ;
21-Jan;Disma Operasional Cost Dari Bank Bri;; Rp	50.000.000,00 ;; Rp	50.625.815,30 ;
;Pembelian Corn Karnel Golden Farm@500Gr 5Pack Shopee 21Januari'26;;; Rp	134.700,00 ; Rp	50.491.115,30 ;
;Pembelian Pulsa Hp Admin Kantor 21Januari'26;;; Rp	27.000,00 ; Rp	50.464.115,30 ;
;Pembelian Lestari 21Januari'26;;; Rp	825.000,00 ; Rp	49.639.115,30 ;
;Pembelian Segar Global 21Januari'26;;; Rp	637.500,00 ; Rp	49.001.615,30 ;
;Pembelian Delta Adib 21Januari'26;;; Rp	367.500,00 ; Rp	48.634.115,30 ;
;Pembelian Safira 21Januari'25;;; Rp	780.000,00 ; Rp	47.854.115,30 ;
;Pembelian Daya Farm 5-10Januari'26;;; Rp	23.914.000,00 ; Rp	23.940.115,30 ;
;Pembelian Bertoli Balsamic Vinager@500Gr 1Btl Shopee 21Januari'26;;; Rp	69.000,00 ; Rp	23.871.115,30 ;
;Uang Belanja Hilman 21Januari'26;;; Rp	513.000,00 ; Rp	23.358.115,30 ;
;Pembelian Mc Chain Spriral Twister Curly@1,8Kg 5Pack Shopee 21Januari'26;;; Rp	671.250,00 ; Rp	22.686.865,30 ;
;Pembelian Kentang Aviko Straight Cut@2,5Kg 5Pack Shopee 21Januari'26;;; Rp	302.200,00 ; Rp	22.384.665,30 ;
;Pembelian Kentang Aviko Straight Cut@2,5Kg 5Pack Shopee 21Januari'26;;; Rp	310.000,00 ; Rp	22.074.665,30 ;
;Pembelian Kentang Aviko Straight Cut@2,5Kg 5Pack Shopee 21Januari'26;;; Rp	310.000,00 ; Rp	21.764.665,30 ;
;Pembelian Kentang Aviko Straight Cut@2,5Kg 5Pack Shopee 21Januari'26;;; Rp	320.200,00 ; Rp	21.444.465,30 ;
;Pembelian Beras Thai Farm Hom Mali@5Kg 4Krg Shopee 21Januari'26;;; Rp	925.800,00 ; Rp	20.518.665,30 ;
;Marketing;;; Rp	100.000,00 ; Rp	20.418.665,30 ;
;Biaya Bank;;; Rp	2.500,00 ; Rp	20.416.165,30 ;
;Pembelian Beras Hanaro@5Kg 2Krg Shopee 21Januari'26;;; Rp	445.000,00 ; Rp	19.971.165,30 ;
;Pembelian Milac Gold Cooking Cream@1Ltr 1Pack Shopee 21Januari'26;;; Rp	87.500,00 ; Rp	19.883.665,30 ;
;Uang Operasional Rifai 21Januari'25;;; Rp	22.000,00 ; Rp	19.861.665,30 ;
;Pembelian Lestari 21Januari'26;;; Rp	370.000,00 ; Rp	19.491.665,30 ;
;Pembelian Daya Farm 5-10Januari'26;;; Rp	700.000,00 ; Rp	18.791.665,30 ;
;Uang Belanja Hilman 22Januari'26;;; Rp	8.500.000,00 ; Rp	10.291.665,30 ;
22-Jan;Pembelian Tissue Plenty Kitchen Towel Rolls@2Pcs 24Pack Tokopedia 22Januari'25;;; Rp	333.600,00 ; Rp	9.958.065,30 ;
;Pembelian Susu Kental Manis Coklat Cap Enak@370Gr 48Can Tokpedia 22Januari'26;;; Rp	622.900,00 ; Rp	9.335.165,30 ;
;Kembalian Uang Belanja Hilman 18Januari'26;; Rp	502.000,00 ;; Rp	9.837.165,30 ;
;Kembalian Uang Belanja Hilman 16Januari'26;; Rp	409.000,00 ;; Rp	10.246.165,30 ;
;Kembalian Uang Belanja Hilman 22Januari'26;; Rp	1.381.000,00 ;; Rp	11.627.165,30 ;
;Pembelian Pulsa Hp Admin Kantor 22Januari'26 (Untuk Hotspot);;; Rp	27.000,00 ; Rp	11.600.165,30 ;
;Pembelian Beras Hanaro@5Kg 1Krg Shopee 22Januari'26;;; Rp	180.700,00 ; Rp	11.419.465,30 ;
;Pembelian Pak Yana 22Januari'26;;; Rp	1.050.000,00 ; Rp	10.369.465,30 ;
;Pembelian Delta Adib 22Januari'26;;; Rp	367.500,00 ; Rp	10.001.965,30 ;
;Pembelian Safira 22Januari'25;;; Rp	395.000,00 ; Rp	9.606.965,30 ;
;Pengembalian Kelebihan Uang Trf Belanja Hilman 22Januari'26;;; Rp	202.000,00 ; Rp	9.404.965,30 ;
;Pembelian Mc Chain Spriral Twister Curly@1,8Kg 10Pack Shopee 22Januari'26;;; Rp	1.574.000,00 ; Rp	7.830.965,30 ;
;Pembelian Mc Chain Spriral Twister Curly@1,8Kg 10Pack Shopee 22Januari'26;;; Rp	1.448.400,00 ; Rp	6.382.565,30 ;
;Pembelian Beras Thai Farm Hom Mali@5Kg 2Krg Shopee 22Januari'26;;; Rp	505.000,00 ; Rp	5.877.565,30 ;
;Uang Lembur Rifai 21Januari'26;;; Rp	50.000,00 ; Rp	5.827.565,30 ;
;Uang Lembur Bagus 21Januari'26;;; Rp	50.000,00 ; Rp	5.777.565,30 ;
;Uang Lembur Sifa 21Januari'26;;; Rp	50.000,00 ; Rp	5.727.565,30 ;
;Uang Belanja Hilman 23Januari'26;;; Rp	4.500.000,00 ; Rp	1.227.565,30 ;
;Pembelian Lestari 23Januari'25;;; Rp	690.000,00 ; Rp	537.565,30 ;
23-Jan;Pembelian Condy Lemon Concentrate@200Ml 5Btl Shopee 23Januari'26;;; Rp	124.700,00 ; Rp	412.865,30 ;
;Pembelian Gula Cair Frutoksa@1Liter 4Jrg Shopee 23Januari'26;;; Rp	344.000,00 ; Rp	68.865,30 ;
;Disma Operasional Cost Dari Bank Bri;; Rp	12.000.000,00 ;; Rp	12.068.865,30 ;
;Uang Harian Pak Ifan 22Januari'26;;; Rp	150.000,00 ; Rp	11.918.865,30 ;
;Pembelian Bertoli Balsamic Vinager@500Gr 1Btl Shopee 23Januari'26;;; Rp	70.000,00 ; Rp	11.848.865,30 ;
;Pembelian Pak Yana 23Januari'26;;; Rp	1.050.000,00 ; Rp	10.798.865,30 ;
;Pembelian Delta Adib 23Januari'26;;; Rp	630.000,00 ; Rp	10.168.865,30 ;
;Uang Belanja Hilman 23Januari'26;;; Rp	1.491.000,00 ; Rp	8.677.865,30 ;
;Disma Operasional Cost Dari Bank Bri;; Rp	90.000.000,00 ;; Rp	98.677.865,30 ;
;Pembelian Aldiansyah 2-11Januari'26;;; Rp	68.436.500,00 ; Rp	30.241.365,30 ;
;Uang Belanja Bagus 23Januari'26;;; Rp	500.000,00 ; Rp	29.741.365,30 ;
;Uang Belanja Bagus 23Januari'26;;; Rp	300.000,00 ; Rp	29.441.365,30 ;
;Pembelian Milac Gold Cooking Cream@1Ltr 19Pack Shopee 23Januari'26;;; Rp	1.384.920,00 ; Rp	28.056.445,30 ;
;Pembelian Diamond Uht Milk Palin@1Liter 7Pack Shopee 23Januari'26;;; Rp	151.659,00 ; Rp	27.904.786,30 ;
;Pembelian Suminto 3-6Jan'26;;; Rp	825.000,00 ; Rp	27.079.786,30 ;
;Uang Belanja Hilman 24Januari'26;;; Rp	7.000.000,00 ; Rp	20.079.786,30 ;
;Pembelian Lestari 24Januari'25;;; Rp	610.000,00 ; Rp	19.469.786,30 ;
24-Jan;Marketing;;; Rp	50.000,00 ; Rp	19.419.786,30 ;
;Pembelian Delta Adib 24Januari'26;;; Rp	210.000,00 ; Rp	19.209.786,30 ;
;Pembelian Pak Yana 24Januari'26;;; Rp	1.050.000,00 ; Rp	18.159.786,30 ;
;Pembelian Safira 24Januari'25;;; Rp	395.000,00 ; Rp	17.764.786,30 ;
;Uang Belanja Hilman 25Januari'26;;; Rp	3.500.000,00 ; Rp	14.264.786,30 ;
;Uang Belanja Hilman 26Januari'26;;; Rp	2.500.000,00 ; Rp	11.764.786,30 ;
;Uang Lembur Rifai 23Januari'26;;; Rp	50.000,00 ; Rp	11.714.786,30 ;
;Uang Operasional Rifai 24Januari'25;;; Rp	50.000,00 ; Rp	11.664.786,30 ;
26-Jan;Pembelian Sofian 25Jan'26;;; Rp	472.500,00 ; Rp	11.192.286,30 ;
;Pembelian Safira 25Januari'25;;; Rp	395.000,00 ; Rp	10.797.286,30 ;
;Uang Belanja Hilman 25Januari'26;;; Rp	208.000,00 ; Rp	10.589.286,30 ;
;Uang Belanja Hilman 26Januari'26;;; Rp	5.390.000,00 ; Rp	5.199.286,30 ;
;Pembelian Hijrah Food 26Januari'26;;; Rp	475.000,00 ; Rp	4.724.286,30 ;
;Pembelian Lestari 26Januari'25;;; Rp	1.220.000,00 ; Rp	3.504.286,30 ;
;Uang Operasional Rifai 26Januari'25;;; Rp	22.000,00 ; Rp	3.482.286,30 ;
;Pembelian Delta Adib 26Januari'26;;; Rp	175.000,00 ; Rp	3.307.286,30 ;
;Disma Operasional Cost Dari Bank Bri;; Rp	10.000.000,00 ;; Rp	13.307.286,30 ;
;Pembelian Sofian 27Jan'26;;; Rp	472.500,00 ; Rp	12.834.786,30 ;
;Uang Harian Pak Ifan 26Januari'26;;; Rp	150.000,00 ; Rp	12.684.786,30 ;
;Uang Lembur Rifai 24&26 Januari'26;;; Rp	100.000,00 ; Rp	12.584.786,30 ;
;Uang Lembur Sandi 25&26 Januari'26;;; Rp	100.000,00 ; Rp	12.484.786,30 ;
;Pembelian Lestari 27Januari'25;;; Rp	825.000,00 ; Rp	11.659.786,30 ;
;Uang Belanja Hilman 27Januari'26;;; Rp	10.000.000,00 ; Rp	1.659.786,30 ;
;Uang Lembur Bagus 25&26 Januari'26;;; Rp	100.000,00 ; Rp	1.559.786,30 ;
;Uang Lembur Sifa 26 Januari'26;;; Rp	50.000,00 ; Rp	1.509.786,30 ;
27-Jan;Disma Operasional Cost Dari Bank Bri;; Rp	30.000.000,00 ;; Rp	31.509.786,30 ;
;Pembelian Hijrah Food 27Januari'26;;; Rp	1.353.750,00 ; Rp	30.156.036,30 ;
;Pembelian Safira 27Januari'25;;; Rp	780.000,00 ; Rp	29.376.036,30 ;
;Uang Harian Lalamove Pak Purnomo 27Januari'26;;; Rp	100.000,00 ; Rp	29.276.036,30 ;
;Pembelian Pak Yana 27Januari'26;;; Rp	1.050.000,00 ; Rp	28.226.036,30 ;
;Pembelian Delta Adib 27Januari'26;;; Rp	420.000,00 ; Rp	27.806.036,30 ;
;Pembelian Maple Joe@250Gr 5Btl Shopee 27Januari'26;;; Rp	507.700,00 ; Rp	27.298.336,30 ;
;Pembelian Sos Karbol Anti Bacterial@4Ltr 3Jrg Shopee 27Januari'26;;; Rp	128.293,00 ; Rp	27.170.043,30 ;
;Pembelian Tissue Hand ToweL Brown@20Pack 6Ctn Shopee 27Januari'26;;; Rp	716.950,00 ; Rp	26.453.093,30 ;
;Pembelian Grapesed Oil Borges@1Liter 6Btl Shopee 27Januari'26;;; Rp	824.949,00 ; Rp	25.628.144,30 ;
;Pembelian Agro Boga 27Januari'26;;; Rp	1.540.000,00 ; Rp	24.088.144,30 ;
;Biaya Bank;;; Rp	2.500,00 ; Rp	24.085.644,30 ;
;Pembelian BakingLand 27Januari'26;;; Rp	1.732.000,00 ; Rp	22.353.644,30 ;
;Pembelian Toko Rafflesia 27Januari'26;;; Rp	77.500,00 ; Rp	22.276.144,30 ;
;Uang Belanja Bagus 27Januari'26;;; Rp	300.000,00 ; Rp	21.976.144,30 ;
;Pembelian Beras Petruk@20Kg 1Krg Shopee 27Januari'26;;; Rp	350.800,00 ; Rp	21.625.344,30 ;
;Kembelian Uang Belanja Bagus 27Januari'26;; Rp	26.300,00 ;; Rp	21.651.644,30 ;
;Pembelian Sofian 28Jan'26;;; Rp	472.500,00 ; Rp	21.179.144,30 ;
;Uang Belanja Hilman 28Januari'26;;; Rp	7.000.000,00 ; Rp	14.179.144,30 ;
;Pembelian Lampu Kantor 27Januari'26;;; Rp	255.560,00 ; Rp	13.923.584,30 ;
;Uang Harian Lalamove Pak Purnomo 27Januari'26;;; Rp	300.000,00 ; Rp	13.623.584,30 ;
28-Jan;Uang Belanja Hilman 27Januari'26;;; Rp	1.949.000,00 ; Rp	11.674.584,30 ;
;Pembelian Safira 28Januari'25;;; Rp	1.170.000,00 ; Rp	10.504.584,30 ;
;Uang Operasional Rifai 28Januari'25;;; Rp	302.000,00 ; Rp	10.202.584,30 ;
;Marketing;;; Rp	50.000,00 ; Rp	10.152.584,30 ;
;Bayar Sampah Puing Puing Pak Harwin 28Januari'26;;; Rp	250.000,00 ; Rp	9.902.584,30 ;
;Pembelian Pak Yana 28Januari'26;;; Rp	1.050.000,00 ; Rp	8.852.584,30 ;
;Uang Belanja Hilman 28Januari'26;;; Rp	277.000,00 ; Rp	8.575.584,30 ;
;Pembelian Segar Global 28Januari'26;;; Rp	780.000,00 ; Rp	7.795.584,30 ;
;Uang Harian Pak Ifan 27Januari'26;;; Rp	150.000,00 ; Rp	7.645.584,30 ;
;Iuran Bulanan RT Bulan Januari-Juni'26;;; Rp	340.000,00 ; Rp	7.305.584,30 ;
;Biaya Bank;;; Rp	2.500,00 ; Rp	7.303.084,30 ;
;Disma Operasional Cost Dari Bank Bri;; Rp	145.000.000,00 ;; Rp	152.303.084,30 ;
;Pembelian Lumbira 5-10Januari'25;;; Rp	39.252.000,00 ; Rp	113.051.084,30 ;
;Pembelian Tasmi Fresh 3-10Jan'26;;; Rp	56.660.000,00 ; Rp	56.391.084,30 ;
;Pengembalian Dana Angel Investor 23Des'25;;; Rp	20.400.000,00 ; Rp	35.991.084,30 ;
;Pembelian Reyhan 10Januari'26;;; Rp	29.895.000,00 ; Rp	6.096.084,30 ;
;Pengembalian Salah Transfer Dana Angel Investor 23Des'25;; Rp	20.400.000,00 ;; Rp	26.496.084,30 ;
;Marketing;;; Rp	664.125,00 ; Rp	25.831.959,30 ;
;Kembalian Uang Operasional Rifai 28Januari'26;; Rp	50.000,00 ;; Rp	25.881.959,30 ;
;Pembelian Milac Gold Cooking Cream@1Ltr 1Pack Shopee 28Januari'26;;; Rp	83.375,00 ; Rp	25.798.584,30 ;
;Pembelian Java Cocoa Powder Classic @1Kg 1Pack Shopee 28Januari'26;;; Rp	237.990,00 ; Rp	25.560.594,30 ;
;Uang Belanja Hilman 29Januari'26;;; Rp	6.000.000,00 ; Rp	19.560.594,30 ;
;Pembelian Mitra Kirim 28Jan'26;;; Rp	432.000,00 ; Rp	19.128.594,30 ;
;Marketing;;; Rp	100.000,00 ; Rp	19.028.594,30 ;
29-Jan;Tagihan Daily Bread Cafe 5-11Jan'26;; Rp	1.065.250,00 ;; Rp	20.093.844,30 ;
;Uang Belanja Bagus 29Januari'26;;; Rp	500.000,00 ; Rp	19.593.844,30 ;
;Marketing;;; Rp	160.000,00 ; Rp	19.433.844,30 ;
;Uang Belanja Hilman 29Januari'26;;; Rp	834.000,00 ; Rp	18.599.844,30 ;
;Pembelian Kertas Countinuos Form 3Dus ,Amplop Coklat 3Dus & Pulpen 1Pack 29Jan'26;;; Rp	682.000,00 ; Rp	17.917.844,30 ;
;Pembelian Sparepart Mobil Tcl 29Januari'26;;; Rp	737.000,00 ; Rp	17.180.844,30 ;
;Pembelian Mitra Kirim 29Jan'26;;; Rp	170.400,00 ; Rp	17.010.444,30 ;
;Uang Lembur Rifai 27 & 29 Januari'26;;; Rp	100.000,00 ; Rp	16.910.444,30 ;
;Uang Belanja Hilman 30Januari'26;;; Rp	3.000.000,00 ; Rp	13.910.444,30 ;
30-Jan;Pembelian Salted Egg Yolk Golden Isi 20Pcs 20Pack Shopee 30Januari'26;;; Rp	2.247.750,00 ; Rp	11.662.694,30 ;
;Marketing;;; Rp	50.000,00 ; Rp	11.612.694,30 ;
;Uang Lembur Bagus 30Januari'26;;; Rp	50.000,00 ; Rp	11.562.694,30 ;
;Pembelian Monin Syrup Hazelnut@700Ml 1Btl Tokopedia 30Januari'26;;; Rp	139.350,00 ; Rp	11.423.344,30 ;
;Pembelian Milac Gold Cooking Cream@1Ltr 2Pack Tokopedia 30Januari'26;;; Rp	144.000,00 ; Rp	11.279.344,30 ;
;Marketing;;; Rp	149.500,00 ; Rp	11.129.844,30 ;
;Marketing;;; Rp	100.000,00 ; Rp	11.029.844,30 ;
;Uang Operasional Rifai 30Januari'25;;; Rp	22.000,00 ; Rp	11.007.844,30 ;
;Pembelian Reyhan 12Januari'26;;; Rp	5.940.000,00 ; Rp	5.067.844,30 ;
;Disma Operasional Cost Dari Bank Bri;; Rp	20.000.000,00 ;; Rp	25.067.844,30 ;
;Pembelian Tasmi Fresh 2Januari'26;;; Rp	8.190.000,00 ; Rp	16.877.844,30 ;
;Pembelian Suminto 12-13Januari'26;;; Rp	315.000,00 ; Rp	16.562.844,30 ;
;Pembelian Aa Alan 14Januari'26;;; Rp	1.997.000,00 ; Rp	14.565.844,30 ;
;Pembelian DafaFarm 16Januari'26;;; Rp	2.442.000,00 ; Rp	12.123.844,30 ;
;Biaya Bank;;; Rp	2.500,00 ; Rp	12.121.344,30 ;
;Pembelian Delta Adib 30Januari'26;;; Rp	350.000,00 ; Rp	11.771.344,30 ;
;Pembelian Le Mineral@330Ml 2Ctn Shopee 30Januari'26;;; Rp	95.850,00 ; Rp	11.675.494,30 ;
;Uang Belanja Bagus 30Januari'26;;; Rp	230.800,00 ; Rp	11.444.694,30 ;
;Marketing;;; Rp	323.000,00 ; Rp	11.121.694,30 ;
;Uang Belanja Hilman 31Januari'26;;; Rp	3.000.000,00 ; Rp	8.121.694,30 ;
;Service Overhead Mobil Grandmax TCL 30Januari'26;;; Rp	1.940.000,00 ; Rp	6.181.694,30 ;
;Marketing;;; Rp	50.000,00 ; Rp	6.131.694,30 ;
;Tagihan Kyo Jatiwaringin 15-21Desember'25 & Tagihan Kyo Astha 22-28Desember'25;; Rp	2.406.000,00 ;; Rp	8.537.694,30 ;
;Uang Belanja Hilman 31Januari'26;;; Rp	1.200.000,00 ; Rp	7.337.694,30 ;
31-Jan;Pembelian Lestari 31Januari'25;;; Rp	920.000,00 ; Rp	6.417.694,30 ;
;Uang Belanja Hilman 31Januari'26;;; Rp	1.338.000,00 ; Rp	5.079.694,30 ;
;Uang Lembur Sandi 31Januari'26;;; Rp	50.000,00 ; Rp	5.029.694,30 ;
;Disma Operasional Cost Dari Bank Bri;; Rp	25.000.000,00 ;; Rp	30.029.694,30 ;
;Uang Belanja Hilman 1Februari'26;;; Rp	2.500.000,00 ; Rp	27.529.694,30 ;
;Uang Belanja Hilman 2Februari'26;;; Rp	4.000.000,00 ; Rp	23.529.694,30 ;
;Uang Operasional Rifai 31Januari'25;;; Rp	52.000,00 ; Rp	23.477.694,30 ;
;Bunga;; Rp	120,01 ;; Rp	23.477.814,31 ;
;Pajak;;; Rp	24,00 ; Rp	23.477.790,31 ;
;;;;;;
;;;;;;
;Saldo Awal :; Rp	10.859.879,30 ;;;;
;Mutasi Kredit :; Rp	1.063.404.989,01 ;;;;
;Mutasi Debet :; Rp	1.050.787.078,00 ;;;;
;Saldo Akhir :; Rp	23.477.790,31 ;;;;


LAPORAN KAS BCA DISMA BULAN FEBRUARI 2026;;;;;;
;;;;;;
TGL;KETERANGAN;SALDO AWAL;KAS MASUK;KAS KELUAR;SALDO AKHIR;
;;;;;;
;; Rp	23.477.790,31 ;;; Rp	23.477.790,31 ;
01-Feb;Uang Belanja Hilman 2Februari'26;;; Rp	2.000.000,00 ; Rp	21.477.790,31 ;
02-Feb;Uang Belanja Hilman 2Februari'26;;; Rp	2.000.000,00 ; Rp	19.477.790,31 ;
;Pembelian Safira 2Februari'26;;; Rp	1.185.000,00 ; Rp	18.292.790,31 ;
;Uang Belanja Hilman 1Februari'26;;; Rp	1.405.000,00 ; Rp	16.887.790,31 ;
;Disma Operasional Cost Dari Bank Bri;; Rp	8.000.000,00 ;; Rp	24.887.790,31 ;
;Pembelian Pak Andi 2Februari'26;;; Rp	17.250.000,00 ; Rp	7.637.790,31 ;
;Pembelian Pak Yana 1 Februari'26;;; Rp	1.050.000,00 ; Rp	6.587.790,31 ;
;Uang Belanja Hilman 2Februari'26;;; Rp	1.424.000,00 ; Rp	5.163.790,31 ;
;Pembelian Diamond Fresh Milik Plain @1Liter 24 Pack Shopee 2Februari'26;;; Rp	446.850,00 ; Rp	4.716.940,31 ;
;Kouta Internet Rifai Bulan Februari'26;;; Rp	100.000,00 ; Rp	4.616.940,31 ;
;Kembalian Uang Belanja Hilman 30Januari'26;; Rp	659.000,00 ;; Rp	5.275.940,31 ;
;Uang Operasional Rifai 2Februari'26;;; Rp	22.000,00 ; Rp	5.253.940,31 ;
;Uang Harian Pak Ifan 2Februari'26;;; Rp	150.000,00 ; Rp	5.103.940,31 ;
;Pembelian Diamond Uht Full Cream@1Liter 36Pack Shopee 2Februari'26;;; Rp	682.045,00 ; Rp	4.421.895,31 ;
;Pembelian Sofian 3Februari'26;;; Rp	472.500,00 ; Rp	3.949.395,31 ;
;Uang Belanja Hilman 3Februari'26;;; Rp	3.850.000,00 ; Rp	99.395,31 ;
03-Feb;Disma Operasional Cost Dari Bank Bri;; Rp	11.000.000,00 ;; Rp	11.099.395,31 ;
;Pembelian Mc Chain Curly Fries@1.8Kg 10Pack Shopee 3Februari'26;;; Rp	1.374.000,00 ; Rp	9.725.395,31 ;
;Pembelian Kentang Aviko Straight Cut@2,5Kg 2Pack Shopee 3Februari'26;;; Rp	124.880,00 ; Rp	9.600.515,31 ;
;Pembelian Beras Thai Farmer Hom Mali @5kg 2Krg Shopee 3Februari'26;;; Rp	515.200,00 ; Rp	9.085.315,31 ;
;Pembelian Safira 3Februari'26;;; Rp	395.000,00 ; Rp	8.690.315,31 ;
;Pembelian Agro Boga 3Februari'26;;; Rp	1.540.000,00 ; Rp	7.150.315,31 ;
;Biaya Bank;;; Rp	2.500,00 ; Rp	7.147.815,31 ;
;Disma Operasional Cost Dari Bank Bri;; Rp	20.000.000,00 ;; Rp	27.147.815,31 ;
;Uang Belanja Hilman 3Februari'26;;; Rp	2.000.000,00 ; Rp	25.147.815,31 ;
;Pembelian Pak Yana 3 Februari'26;;; Rp	1.050.000,00 ; Rp	24.097.815,31 ;
;Pembelian Delta Adib 3Februari'26;;; Rp	210.000,00 ; Rp	23.887.815,31 ;
;Pembelian Cap Kemudi@500Gr 5Pack  Shopee 3Februari'26;;; Rp	131.196,00 ; Rp	23.756.619,31 ;
;Pembelian Struk Thermal 80x80 24Roll Shopee 3Februari'26;;; Rp	328.300,00 ; Rp	23.428.319,31 ;
;Pembelian Hijrah Food 3Februari'26;;; Rp	1.353.750,00 ; Rp	22.074.569,31 ;
;Pembelian Sofian 4Februari'26;;; Rp	472.500,00 ; Rp	21.602.069,31 ;
;Uang Belanja Hilman 4Februari'26;;; Rp	7.500.000,00 ; Rp	14.102.069,31 ;
;Pembelian Lestari 4Februari;;; Rp	2.060.000,00 ; Rp	12.042.069,31 ;
04-Feb;Marketing;;; Rp	200.000,00 ; Rp	11.842.069,31 ;
;Kasbon AA Utom 4Februari'26;;; Rp	250.000,00 ; Rp	11.592.069,31 ;
;Marketing;;; Rp	190.000,00 ; Rp	11.402.069,31 ;
;Pembelian Kecap Manis Anggur@5Liter 2Jrg Shopee 4Februari'26;;; Rp	343.160,00 ; Rp	11.058.909,31 ;
;Pembelian Pak Yana 4 Februari'26;;; Rp	1.050.000,00 ; Rp	10.008.909,31 ;
;Pembelian Safira 4Februari'26;;; Rp	790.000,00 ; Rp	9.218.909,31 ;
;Pembelian Galon 5Pcs 4Februari'26;;; Rp	45.000,00 ; Rp	9.173.909,31 ;
;Marketing;;; Rp	217.140,00 ; Rp	8.956.769,31 ;
;Marketing;;; Rp	185.250,00 ; Rp	8.771.519,31 ;
;Uang Operasional Rifai 4Februari'26;;; Rp	22.000,00 ; Rp	8.749.519,31 ;
;Uang Lembur Rifai 3Februari'26;;; Rp	50.000,00 ; Rp	8.699.519,31 ;
;Uang Belanja Hilman 4Februari'26;;; Rp	1.658.000,00 ; Rp	7.041.519,31 ;
;Disma Operasional Cost Dari Bank Bri;; Rp	8.000.000,00 ;; Rp	15.041.519,31 ;
;Uang Belanja Hilman 5Februari'26;;; Rp	8.500.000,00 ; Rp	6.541.519,31 ;
;Marketing;;; Rp	300.000,00 ; Rp	6.241.519,31 ;
05-Feb;Pembelian Tissue Plenty Kitchen Towel@2Pcs 24Pack Tokopedia 5Februari'26;;; Rp	333.600,00 ; Rp	5.907.919,31 ;
;Pembelian Nescafe Classic@200Gr 5Jar Shopee 5Februari'26;;; Rp	530.680,00 ; Rp	5.377.239,31 ;
;Uang Operasional Rifai 5Februari'26;;; Rp	52.000,00 ; Rp	5.325.239,31 ;
;Uang Lembur Rifai 4Februari'26;;; Rp	50.000,00 ; Rp	5.275.239,31 ;
;Pembelian Safira 5Februari'26;;; Rp	800.000,00 ; Rp	4.475.239,31 ;
;Uang Belanja Hilman 5Februari'26;;; Rp	1.061.000,00 ; Rp	3.414.239,31 ;
;Pembelian Pak Yana 5 Februari'26;;; Rp	700.000,00 ; Rp	2.714.239,31 ;
;Disma Operasional Cost Dari Bank Bri;; Rp	15.000.000,00 ;; Rp	17.714.239,31 ;
;Marketing;;; Rp	258.433,00 ; Rp	17.455.806,31 ;
;Uang Belanja Hilman 6Februari'26;;; Rp	5.000.000,00 ; Rp	12.455.806,31 ;
06-Feb;Pembelian Hijrah Food 6Februari'26;;; Rp	1.410.000,00 ; Rp	11.045.806,31 ;
;Uang Belanja Hilman 6Februari'26;;; Rp	908.000,00 ; Rp	10.137.806,31 ;
;Pembelian Delta Adib 6Februari'26;;; Rp	210.000,00 ; Rp	9.927.806,31 ;
;Pembelian beras Thai Farmer Hom Mali @5kg 2Krg Shopee 6Februari'26;;; Rp	586.700,00 ; Rp	9.341.106,31 ;
;Disma Operasional Cost Dari Bank Bri;; Rp	15.000.000,00 ;; Rp	24.341.106,31 ;
;Pembelian Mc Chain Curly Fries@1.8Kg 10Pack Shopee 6Februari'26;;; Rp	1.448.400,00 ; Rp	22.892.706,31 ;
;Pembelian Kentang Aviko Straight Cut@2,5Kg 5Pack Shopee 6Februari'26;;; Rp	323.600,00 ; Rp	22.569.106,31 ;
;Pembelian Kentang Aviko Straight Cut@2,5Kg 5Pack Shopee 6Februari'26;;; Rp	327.000,00 ; Rp	22.242.106,31 ;
;Pembelian Reyhan Farm 20Januari'26;;; Rp	3.540.000,00 ; Rp	18.702.106,31 ;
;Pembelian Dafa Farm 19-24Januari'26;;; Rp	6.549.000,00 ; Rp	12.153.106,31 ;
;Biaya Bank;;; Rp	2.500,00 ; Rp	12.150.606,31 ;
;Uang Belanja Hilman 7Februari'26;;; Rp	3.000.000,00 ; Rp	9.150.606,31 ;
07-Feb;Disma Operasional Cost Dari Bank Bri;; Rp	25.000.000,00 ;; Rp	34.150.606,31 ;
;Pembelian Aldi 19-25Januari'26;;; Rp	6.939.500,00 ; Rp	27.211.106,31 ;
;Pembelian Suminto 19-24Januari'26;;; Rp	1.402.500,00 ; Rp	25.808.606,31 ;
;Pembelian Pak Yana 7 Februari'26;;; Rp	1.050.000,00 ; Rp	24.758.606,31 ;
;Uang Belanja Hilman 9 Februari'26;;; Rp	2.500.000,00 ; Rp	22.258.606,31 ;
;Uang Belanja Hilman 8 Februari'26;;; Rp	2.800.000,00 ; Rp	19.458.606,31 ;
08-Feb;Tagihan Fresh Box 12-18Jan'26;;; Rp	16.793.770,00 ; Rp	2.664.836,31 ;
;Pembelian Lestari 9 Februari;;; Rp	2.050.000,00 ; Rp	614.836,31 ;
09-Feb;Disma Operasional Cost Dari Bank Bri;; Rp	4.000.000,00 ;; Rp	4.614.836,31 ;
;Pembelian Milac Gold Cooking Cream@1Liter 16 Pack Shopee 9Februari'26;;; Rp	1.168.000,00 ; Rp	3.446.836,31 ;
;Pembelian Monin Syrup Leci@700Gr 1Btl Tokopedis 9Februari'26;;; Rp	157.100,00 ; Rp	3.289.736,31 ;
;Pembelian Safira 8Februari'26;;; Rp	420.000,00 ; Rp	2.869.736,31 ;
;Pembelian Safira 9Februari'26;;; Rp	472.500,00 ; Rp	2.397.236,31 ;
;Pembelian Max Creamer@500Gr 6Pack Shopee 9Februari'26;;; Rp	290.450,00 ; Rp	2.106.786,31 ;
;Uang Lembur Bagus 8 Februari'26;;; Rp	50.000,00 ; Rp	2.056.786,31 ;
;Uang Lembur Rifai 7Februari'26;;; Rp	50.000,00 ; Rp	2.006.786,31 ;
;Pembelian Pak Yana 9 Februari'26;;; Rp	350.000,00 ; Rp	1.656.786,31 ;
;Pembelian Delta Adib 9Februari'26;;; Rp	227.500,00 ; Rp	1.429.286,31 ;
;Tagihan MKA 9-15 Desember'24;; Rp	3.250.000,00 ;; Rp	4.679.286,31 ;
;Uang Belanja Hilman 8 Februari'26;;; Rp	1.070.000,00 ; Rp	3.609.286,31 ;
;Pembelian Kecap Manis Anggur@5Liter 1Jrg Shopee 9Februari'26;;; Rp	173.300,00 ; Rp	3.435.986,31 ;
;Pembelian Hijrah Food 9Februari'26;;; Rp	380.000,00 ; Rp	3.055.986,31 ;
;Uang Belanja Hilman 9 Februari'26;;; Rp	1.216.000,00 ; Rp	1.839.986,31 ;
;Pembelian Bernardi Cornet Beef @290Gr 10Can Shopee 9Februari'26;;; Rp	529.460,00 ; Rp	1.310.526,31 ;
;Pembelian Sambal Abc Extra Pedas@950Gr 9Pack Shopee 9Februari'26;;; Rp	297.820,00 ; Rp	1.012.706,31 ;
;Internet Indosat Hifi ;;; Rp	382.950,00 ; Rp	629.756,31 ;
;Uang Belanja Bagus 9Februari'26;;; Rp	500.000,00 ; Rp	129.756,31 ;
10-Feb;Disma Operasional Cost Dari Bank Bri;; Rp	23.000.000,00 ;; Rp	23.129.756,31 ;
;Uang Belanja Hilman 9 Februari'26;;; Rp	2.000.000,00 ; Rp	21.129.756,31 ;
;Uang Belanja Hilman 10 Februari'26;;; Rp	5.000.000,00 ; Rp	16.129.756,31 ;
;Pembelian Mc Chain Curly Fries@1.8Kg 10Pack Shopee 10 Februari'26;;; Rp	1.448.400,00 ; Rp	14.681.356,31 ;
;Pembelian Kentang Aviko Straight Cut@2,5Kg 5Pack Shopee 10Februari'26;;; Rp	298.800,00 ; Rp	14.382.556,31 ;
;Pembelian Kentang Aviko Straight Cut@2,5Kg 5Pack Shopee 10Februari'26;;; Rp	327.000,00 ; Rp	14.055.556,31 ;
;Pembelian Safira 10Februari'26;;; Rp	1.370.000,00 ; Rp	12.685.556,31 ;
;Pembelian Pak Andi 10 Februari'26;;; Rp	6.900.000,00 ; Rp	5.785.556,31 ;
;Pembelian Diamond Uht Full Cream@1Liter 12Pack Shopee 10Februari'26;;; Rp	263.582,00 ; Rp	5.521.974,31 ;
;Pembelian Mitra Kirim 10 Februari'26;;; Rp	48.755,00 ; Rp	5.473.219,31 ;
;Pembelian Delta Adib 10 Februari'26;;; Rp	175.000,00 ; Rp	5.298.219,31 ;
;Pembelian Hijrah Food 10 Februari'26;;; Rp	1.805.000,00 ; Rp	3.493.219,31 ;
;Uang Belanja Hilman 10 Februari'26;;; Rp	1.462.000,00 ; Rp	2.031.219,31 ;
;Disma Operasional Cost Dari Bank Bri;; Rp	10.000.000,00 ;; Rp	12.031.219,31 ;
;Uang Belanja Hilman 11 Februari'26;;; Rp	8.000.000,00 ; Rp	4.031.219,31 ;
;Uang Harian Pak Ifan 10 Februari'26;;; Rp	150.000,00 ; Rp	3.881.219,31 ;
11-Feb;Disma Operasional Cost Dari Bank Bri;; Rp	41.000.000,00 ;; Rp	44.881.219,31 ;
;Pembelian Lestari 11 Februari;;; Rp	1.040.000,00 ; Rp	43.841.219,31 ;
;Listrik Kantor;;; Rp	2.253.232,00 ; Rp	41.587.987,31 ;
;Uang Lembur Rifai 9-10 Februari'26;;; Rp	100.000,00 ; Rp	41.487.987,31 ;
;Pembelian Safira 11 Februari'26;;; Rp	1.322.500,00 ; Rp	40.165.487,31 ;
;Pembelian Delta Adib 11 Februari'26;;; Rp	175.000,00 ; Rp	39.990.487,31 ;
;Kembalian Uang Belanja Hilman 3Februari'26;; Rp	289.000,00 ;; Rp	40.279.487,31 ;
;Uang Operasional Rifai 11 Februari'26;;; Rp	22.000,00 ; Rp	40.257.487,31 ;
;Uang Belanja Hilman 12 Februari'26;;; Rp	3.200.000,00 ; Rp	37.057.487,31 ;
;Marketing;;; Rp	40.000,00 ; Rp	37.017.487,31 ;
12-Feb;Pembelian Beras Thai Farmer Hom Mali @5kg 4Krg Shopee 12Februari'26;;; Rp	1.227.904,00 ; Rp	35.789.583,31 ;
;Pembelian Safira 12Februari'26;;; Rp	850.000,00 ; Rp	34.939.583,31 ;
;Marketing;;; Rp	100.000,00 ; Rp	34.839.583,31 ;
;Uang Belanja Hilman 12 Februari'26;;; Rp	1.415.000,00 ; Rp	33.424.583,31 ;
;Pembelian Sagu Tani Flour @1Kg 11Pack Shopee 12Februari'26;;; Rp	290.850,00 ; Rp	33.133.733,31 ;
;Pembelian Sagu Tani Flour @1Kg 9Pack Shopee 12Februari'26;;; Rp	274.500,00 ; Rp	32.859.233,31 ;
;Uang Belanja Hilman 13 Februari'26;;; Rp	4.000.000,00 ; Rp	28.859.233,31 ;
;Kembelian Uang Operasional Rifai 12Februari'26;; Rp	50.000,00 ;; Rp	28.909.233,31 ;
;Uang Lembur Rifai 12 Februari'26;;; Rp	50.000,00 ; Rp	28.859.233,31 ;
;Marketing;;; Rp	25.373,00 ; Rp	28.833.860,31 ;
;Biaya Bank;;; Rp	2.500,00 ; Rp	28.831.360,31 ;
;Marketing;;; Rp	165.165,00 ; Rp	28.666.195,31 ;
;Marketing;;; Rp	25.000,00 ; Rp	28.641.195,31 ;
13-Feb;Tagihan Ibu Debby 19-25 Januari'26;; Rp	520.500,00 ;; Rp	29.161.695,31 ;
;Pembelian Condy Lemon Concentrate@200Ml 5 Btl Shopee 13 Februari'26;;; Rp	130.700,00 ; Rp	29.030.995,31 ;
;Pembelian Tasmi 26-29Januari'26;;; Rp	9.225.000,00 ; Rp	19.805.995,31 ;
;Pembelian Aldi 27-29Januari'26;;; Rp	6.145.250,00 ; Rp	13.660.745,31 ;
;Pembelian Dafa Farm 27-30Januari'26;;; Rp	6.447.500,00 ; Rp	7.213.245,31 ;
;Biaya Bank;;; Rp	2.500,00 ; Rp	7.210.745,31 ;
;Pembelian Suminto 27-28Januari'26;;; Rp	207.000,00 ; Rp	7.003.745,31 ;
;Marketing;;; Rp	100.000,00 ; Rp	6.903.745,31 ;
;Disma Operasional Cost Dari Bank Bri;; Rp	35.000.000,00 ;; Rp	41.903.745,31 ;
;Marketing;;; Rp	50.000,00 ; Rp	41.853.745,31 ;
;Uang Belanja Hilman 14 Februari'26;;; Rp	4.500.000,00 ; Rp	37.353.745,31 ;
14-Feb;Marketing;;; Rp	100.000,00 ; Rp	37.253.745,31 ;
;Biaya Bank;;; Rp	2.500,00 ; Rp	37.251.245,31 ;
;Pembelian Safira 14Februari'26;;; Rp	902.500,00 ; Rp	36.348.745,31 ;
;Pembelian Salted Egg Yolk Golden Isi 20Btr 20Pack Shopee 14Februari'26;;; Rp	2.344.300,00 ; Rp	34.004.445,31 ;
;Uang Operasional Rifai 14 Februari'26;;; Rp	102.000,00 ; Rp	33.902.445,31 ;
;Pembelian Pak Yana 14 Februari'26;;; Rp	1.110.000,00 ; Rp	32.792.445,31 ;
;Pembelian Delta Adib 14 Februari'26;;; Rp	595.000,00 ; Rp	32.197.445,31 ;
;Kasbon Gaji Rifai Bulan Februari'26;;; Rp	200.000,00 ; Rp	31.997.445,31 ;
;Uang Lembur Rifai 13 Februari'26;;; Rp	50.000,00 ; Rp	31.947.445,31 ;
;Pembelian Rafflesia 14Februari'26;;; Rp	910.000,00 ; Rp	31.037.445,31 ;
;Uang Belanja Hilman 14 Februari'26;;; Rp	2.799.000,00 ; Rp	28.238.445,31 ;
;Uang Belanja Hilman 15 Februari'26;;; Rp	3.500.000,00 ; Rp	24.738.445,31 ;
;Uang Belanja Hilman 16 Februari'26;;; Rp	3.000.000,00 ; Rp	21.738.445,31 ;
;Marketing;;; Rp	155.100,00 ; Rp	21.583.345,31 ;
;Pembelian Lestari 14 Februari;;; Rp	1.805.000,00 ; Rp	19.778.345,31 ;
;Marketing;;; Rp	127.600,00 ; Rp	19.650.745,31 ;
;Marketing;;; Rp	50.000,00 ; Rp	19.600.745,31 ;
;Biaya Bank;;; Rp	2.500,00 ; Rp	19.598.245,31 ;
15-Feb;Marketing;;; Rp	144.100,00 ; Rp	19.454.145,31 ;
;Marketing;;; Rp	150.000,00 ; Rp	19.304.145,31 ;
16-Feb;Pembelian Pak Andi 16 Februari'26;;; Rp	4.830.000,00 ; Rp	14.474.145,31 ;
;Pembelian Milac Gold Cooking Cream@1Liter 7 Pack Shopee 16Februari'26;;; Rp	516.050,00 ; Rp	13.958.095,31 ;
;Pembelian Safira 15Februari'26;;; Rp	435.000,00 ; Rp	13.523.095,31 ;
;Pembelian Safira 16Februari'26;;; Rp	435.000,00 ; Rp	13.088.095,31 ;
;Uang Operasional Rifai 14Februari'26;;; Rp	52.000,00 ; Rp	13.036.095,31 ;
;Uang Belanja Hilman 16 Februari'26;;; Rp	4.000.000,00 ; Rp	9.036.095,31 ;
;Uang Lembur Rifai 14 Februari'26;;; Rp	50.000,00 ; Rp	8.986.095,31 ;
;Uang Lembur Bagus 15 Februari'26;;; Rp	50.000,00 ; Rp	8.936.095,31 ;
;Pembelian Mc Chain Curly Fries@1.8Kg 10Pack Shopee 16 Februari'26;;; Rp	1.574.000,00 ; Rp	7.362.095,31 ;
;Marketing;;; Rp	50.000,00 ; Rp	7.312.095,31 ;
;Pembelian Struk Thermal 80x80 24Roll Shopee 16Februari'26;;; Rp	327.760,00 ; Rp	6.984.335,31 ;
;Pembelian GulaVit@1Kg 20Pack Shopee 16Februari'26;;; Rp	420.704,00 ; Rp	6.563.631,31 ;
;Pembelian GulaVit@1Kg 20Pack Shopee 16Februari'26;;; Rp	420.704,00 ; Rp	6.142.927,31 ;
;Pembelian GulaVit@1Kg 20Pack Shopee 16Februari'26;;; Rp	412.080,00 ; Rp	5.730.847,31 ;
;Pembelian GulaVit@1Kg 20Pack Shopee 16Februari'26;;; Rp	420.704,00 ; Rp	5.310.143,31 ;
;Pembelian GulaVit@1Kg 20Pack Shopee 16Februari'26;;; Rp	420.704,00 ; Rp	4.889.439,31 ;
;Pembelian Beras Thai Farmer Hom Mali @5kg 2Krg Shopee 16Februari'26;;; Rp	576.897,00 ; Rp	4.312.542,31 ;
;Pembelian Delta Adib 16 Februari'26;;; Rp	175.000,00 ; Rp	4.137.542,31 ;
;Pembelian Sedotan Kertas@100Pcs 5Pack Shopee 16Februari'26;;; Rp	97.000,00 ; Rp	4.040.542,31 ;
;Disma Operasional Cost Dari Bank Bri;; Rp	20.000.000,00 ;; Rp	24.040.542,31 ;
;Uang Belanja Bagus 16Februari'26;;; Rp	350.000,00 ; Rp	23.690.542,31 ;
;Uang Belanja Hilman 17 Februari'26;;; Rp	7.500.000,00 ; Rp	16.190.542,31 ;
;Uang Harian Pak Ifan 16 Februari'26;;; Rp	150.000,00 ; Rp	16.040.542,31 ;
;Uang Lembur Bagus 16 Februari'26;;; Rp	50.000,00 ; Rp	15.990.542,31 ;
;Uang Lembur Sifa 16 Februari'26;;; Rp	50.000,00 ; Rp	15.940.542,31 ;
17-Feb;Uang Harian Lalamove Pak Purnomo 16Februari'26;;; Rp	400.000,00 ; Rp	15.540.542,31 ;
;Uang Operasional Rifai 17 Februari'26;;; Rp	50.000,00 ; Rp	15.490.542,31 ;
;Pembelian Safira 17Februari'26;;; Rp	435.000,00 ; Rp	15.055.542,31 ;
;Pembelian Delta Adib 17 Februari'26;;; Rp	385.000,00 ; Rp	14.670.542,31 ;
;Uang Belanja Hilman 17 Februari'26;;; Rp	1.493.000,00 ; Rp	13.177.542,31 ;
;Uang Harian Pak Ifan 17 Februari'26;;; Rp	150.000,00 ; Rp	13.027.542,31 ;
;Kembalian Uang Operasional Pak Ifan 16Februari'26;; Rp	91.500,00 ;; Rp	13.119.042,31 ;
;Uang Belanja Hilman 18 Februari'26;;; Rp	4.200.000,00 ; Rp	8.919.042,31 ;
18-Feb;Uang Harian Lalamove Pak Purnomo 17Februari'26;;; Rp	400.000,00 ; Rp	8.519.042,31 ;
;Pembelian Safira 18Februari'26;;; Rp	1.397.500,00 ; Rp	7.121.542,31 ;
;Penbelian Madu Uray@875Ml 3Btl Shopee 18Februari'26;;; Rp	468.200,00 ; Rp	6.653.342,31 ;
;Pembelian Mc Chain Curly Fries@1.8Kg 8Pack Shopee 18 Februari'26;;; Rp	1.094.720,00 ; Rp	5.558.622,31 ;
;Pembelian Mc Chain Curly Fries@1.8Kg 7Pack Shopee 18 Februari'26;;; Rp	1.002.090,00 ; Rp	4.556.532,31 ;
;Pembelian Indo Cemerlang 18Februari'26;;; Rp	1.725.000,00 ; Rp	2.831.532,31 ;
;Uang Belanja Hilman 18 Februari'26;;; Rp	564.000,00 ; Rp	2.267.532,31 ;
;Disma Operasional Cost Dari Bank Bri;; Rp	30.000.000,00 ;; Rp	32.267.532,31 ;
;Marketing;;; Rp	100.000,00 ; Rp	32.167.532,31 ;
;Biaya Bank;;; Rp	2.500,00 ; Rp	32.165.032,31 ;
;Uang Belanja Hilman 19 Februari'26;;; Rp	7.500.000,00 ; Rp	24.665.032,31 ;
;Uang Harian Pak Ifan 18 Februari'26;;; Rp	150.000,00 ; Rp	24.515.032,31 ;
;Tagihan Kyo Jatiwaringin 22-28Desember'25 & Tagihan Kyo Astha 5-11Januari'26;; Rp	8.316.000,00 ;; Rp	32.831.032,31 ;
;Uang Harian Lalamove Pak Purnomo 18Februari'26;;; Rp	400.000,00 ; Rp	32.431.032,31 ;
19-Feb;Pembelian Java Cocoa Powder Classic @1Kg 1Pack Shopee 19Februari'26;;; Rp	227.390,00 ; Rp	32.203.642,31 ;
;Pembelian Segar Global 19Februari'26;;; Rp	780.000,00 ; Rp	31.423.642,31 ;
;Marketing;;; Rp	100.000,00 ; Rp	31.323.642,31 ;
;Biaya Bank;;; Rp	2.500,00 ; Rp	31.321.142,31 ;
;Uang Operasional Rifai 19 Februari'26;;; Rp	52.000,00 ; Rp	31.269.142,31 ;
;Uang Belanja Hilman 19 Februari'26;;; Rp	2.417.000,00 ; Rp	28.852.142,31 ;
;Uang Belanja Hilman 20 Februari'26;;; Rp	7.000.000,00 ; Rp	21.852.142,31 ;
20-Feb;Pembelian Safira 19Februari'26;;; Rp	927.500,00 ; Rp	20.924.642,31 ;
;Uang Lembur Sandi 19Februari'26;;; Rp	50.000,00 ; Rp	20.874.642,31 ;
;Uang Lembur Rifai 19Februari'26;;; Rp	50.000,00 ; Rp	20.824.642,31 ;
;Uang Harian Pak Ifan 19 Februari'26;;; Rp	150.000,00 ; Rp	20.674.642,31 ;
;Uang Operasional Rifai 19 Februari'26;;; Rp	50.000,00 ; Rp	20.624.642,31 ;
;Pembelian Milac Gold Cooking Cream@1Liter 2 Pack Shopee 20Februari'26;;; Rp	155.920,00 ; Rp	20.468.722,31 ;
;Pembelian Biji Jali@1Kg 1Pack Shopee 20Februari'26;;; Rp	55.105,00 ; Rp	20.413.617,31 ;
;Pembelian Sedotan Kertas@100Pcs 5Pack Shopee 20Februari'26;;; Rp	99.500,00 ; Rp	20.314.117,31 ;
;Insentif Client Tahunan;;; Rp	2.000.000,00 ; Rp	18.314.117,31 ;
;Uang Operasional Rifai 20 Februari'26;;; Rp	22.000,00 ; Rp	18.292.117,31 ;
;Pembelian Delta Adib 20 Februari'26;;; Rp	360.000,00 ; Rp	17.932.117,31 ;
;Marketing;;; Rp	601.000,00 ; Rp	17.331.117,31 ;
;Uang Belanja Hilman 21 Februari'26;;; Rp	4.500.000,00 ; Rp	12.831.117,31 ;
;Marketing;;; Rp	100.000,00 ; Rp	12.731.117,31 ;
;Marketing;;; Rp	144.300,00 ; Rp	12.586.817,31 ;
;Marketing;;; Rp	28.860,00 ; Rp	12.557.957,31 ;
;Biaya Adm;;; Rp	20.000,00 ; Rp	12.537.957,31 ;
21-Feb;Kembalian Uang Belanja Hilman 13Februari'26;; Rp	381.000,00 ;; Rp	12.918.957,31 ;
;Kembalian Uang Belanja Hilman 15Februari'26;; Rp	873.000,00 ;; Rp	13.791.957,31 ;
;Kembalian Uang Belanja Hilman 16Februari'26;; Rp	281.000,00 ;; Rp	14.072.957,31 ;
;Uang Operasional Rifai 21 Februari'26;;; Rp	52.000,00 ; Rp	14.020.957,31 ;
;Lalamove Kiat 21Februari'26;;; Rp	500.000,00 ; Rp	13.520.957,31 ;
;Uang Lembur Rifai 20 Februari'26;;; Rp	50.000,00 ; Rp	13.470.957,31 ;
;Uang Lembur Sandi 21 Februari'26;;; Rp	50.000,00 ; Rp	13.420.957,31 ;
;Disma Operasional Cost Dari Bank Bri;; Rp	20.000.000,00 ;; Rp	33.420.957,31 ;
;Pembelian Aldi 1-8 Februari'26;;; Rp	9.336.000,00 ; Rp	24.084.957,31 ;
;Pembelian Suminto 1-5 Februari'26;;; Rp	1.290.000,00 ; Rp	22.794.957,31 ;
;Pembelian AA Utom Dafa Farm 3-6Februari'26;;; Rp	9.869.200,00 ; Rp	12.925.757,31 ;
;Biaya Bank;;; Rp	2.500,00 ; Rp	12.923.257,31 ;
;Pembelian Safira 21 Februari'26;;; Rp	915.000,00 ; Rp	12.008.257,31 ;
;Pembelian Delta Adib 21 Februari'26;;; Rp	450.000,00 ; Rp	11.558.257,31 ;
;Uang Belanja Hilman 22 Februari'26;;; Rp	3.500.000,00 ; Rp	8.058.257,31 ;
;Uang Belanja Hilman 23 Februari'26;;; Rp	3.000.000,00 ; Rp	5.058.257,31 ;
22-Feb;Marketing;;; Rp	100.000,00 ; Rp	4.958.257,31 ;
23-Feb;Lalamove Kiat 23Februari'26;;; Rp	230.000,00 ; Rp	4.728.257,31 ;
;Disma Operasional Cost Dari Bank Mandiri;; Rp	40.000.000,00 ;; Rp	44.728.257,31 ;
;Disma Operasional Cost Dari Bank Bri;; Rp	20.000.000,00 ;; Rp	64.728.257,31 ;
;Pulsa Kantor 23Februari'26;;; Rp	12.000,00 ; Rp	64.716.257,31 ;
;Pembelian AA Utom 21Februari'26;;; Rp	18.720.000,00 ; Rp	45.996.257,31 ;
;Biaya Bank;;; Rp	2.500,00 ; Rp	45.993.757,31 ;
;Pembelian AA Utom 21Februari'26;;; Rp	15.675.000,00 ; Rp	30.318.757,31 ;
;Biaya Bank;;; Rp	2.500,00 ; Rp	30.316.257,31 ;
;Pembelian Milac Gold Cooking Cream@1Liter 13 Pack Shopee 23 Februari'26;;; Rp	964.000,00 ; Rp	29.352.257,31 ;
;Pembelian Pak Andi 23 Februari'26;;; Rp	10.350.000,00 ; Rp	19.002.257,31 ;
;Pembelian Delta Adib 23 Februari'26;;; Rp	72.000,00 ; Rp	18.930.257,31 ;
;Pembelian Safira 23 Februari'26;;; Rp	570.000,00 ; Rp	18.360.257,31 ;
;Uang Belanja Hilman 23 Februari'26;;; Rp	2.642.000,00 ; Rp	15.718.257,31 ;
;DP Bukber Disma Fresh;;; Rp	700.000,00 ; Rp	15.018.257,31 ;
;Uang Lembur Rifai 21 Februari'26;;; Rp	50.000,00 ; Rp	14.968.257,31 ;
;Uang Lembur Bagus 22 Februari'26;;; Rp	50.000,00 ; Rp	14.918.257,31 ;
;Pembelian Lestari 23 Februari'26;;; Rp	2.625.000,00 ; Rp	12.293.257,31 ;
;Uang Belanja Hilman 24 Februari'26;;; Rp	5.000.000,00 ; Rp	7.293.257,31 ;
;Kembalian Uang Operasional Rifai 23Februari'26;; Rp	100.000,00 ;; Rp	7.393.257,31 ;
24-Feb;Uang Harian Lalamove Pak Purnomo 23Februari'26;;; Rp	400.000,00 ; Rp	6.993.257,31 ;
;Uang Belanja Hilman 24 Februari'26;;; Rp	2.000.000,00 ; Rp	4.993.257,31 ;
;Sewa Chiller Udang 150Kg ;;; Rp	160.000,00 ; Rp	4.833.257,31 ;
;Ganti Aki TCL 24Februari'26;;; Rp	868.000,00 ; Rp	3.965.257,31 ;
;Kelebihan Uang Sewa Chiler Udang 23Februari'26;; Rp	10.000,00 ;; Rp	3.975.257,31 ;
;Uang Harian Pak Ifan 23 Februari'26;;; Rp	150.000,00 ; Rp	3.825.257,31 ;
;Pulsa Kantor 24Februari'26;;; Rp	27.000,00 ; Rp	3.798.257,31 ;
;Disma Operasional Cost Dari Bank Bri;; Rp	50.000.000,00 ;; Rp	53.798.257,31 ;
;Uang Harian Lalamove Pak Purnomo 24Februari'26;;; Rp	400.000,00 ; Rp	53.398.257,31 ;
;Pembelian Minyak Vipco@1Liter 9Pack Shopee 24Februari'26;;; Rp	219.040,00 ; Rp	53.179.217,31 ;
;Pembelian Mamasuka Mayonaise@1Kg 7Pack Shopee 24Februari'26;;; Rp	383.640,00 ; Rp	52.795.577,31 ;
;Pembelian Tissue Livi Kotak@150Lbr 10Pack Shopee 24Februari'26;;; Rp	40.491,00 ; Rp	52.755.086,31 ;
;Pengembalian Uang Returan Pembelian Pak Andi 23Februari'26;; Rp	10.350.000,00 ;; Rp	63.105.086,31 ;
;Pembelian Safira 23 Februari'26;;; Rp	300.000,00 ; Rp	62.805.086,31 ;
;Pembelian Delta Adib 24 Februari'26;;; Rp	468.000,00 ; Rp	62.337.086,31 ;
;Pembelian Syrup Sakura Dripp@760Ml 2Btl Shopee 24Februari'26;;; Rp	202.000,00 ; Rp	62.135.086,31 ;
;Uang Belanja Hilman 25 Februari'26;;; Rp	5.000.000,00 ; Rp	57.135.086,31 ;
;Uang Lembur Bagus 23 Februari'26;;; Rp	50.000,00 ; Rp	57.085.086,31 ;
;Uang Lembur Sandi 24 Februari'26;;; Rp	50.000,00 ; Rp	57.035.086,31 ;
;Uang Harian Pak Ifan 24 Februari'26;;; Rp	150.000,00 ; Rp	56.885.086,31 ;
25-Feb;Pembelian Tissue Plenty Kitchen Towel@2Pcs 24Pack Tokopedia 25Februari'26;;; Rp	337.060,00 ; Rp	56.548.026,31 ;
;Pembelian Syrup Sakura Dripp@760Ml 1Btl Shopee 25Februari'26;;; Rp	101.900,00 ; Rp	56.446.126,31 ;
;Pengembalian Dana Pembelian Mamasuka Mayonaise@1Kg 7Pack Shopee 24Februari'26;; Rp	384.000,00 ;; Rp	56.830.126,31 ;
;Pembelian Mamasuka Mayonaise@1Kg 7Pack Shopee 25Februari'26;;; Rp	407.620,00 ; Rp	56.422.506,31 ;
;Pembelian Surat Jalan Disma 20Pack Subur Printing 25Februari'26;;; Rp	875.000,00 ; Rp	55.547.506,31 ;
;Uang Operasional Rifai 25 Februari'26;;; Rp	252.000,00 ; Rp	55.295.506,31 ;
;Uang Operasional Rifai 25 Februari'26;;; Rp	22.000,00 ; Rp	55.273.506,31 ;
;Uang Lembur Rifai 23-24 Februari'26;;; Rp	100.000,00 ; Rp	55.173.506,31 ;
;Uang Belanja Hilman 25 Februari'26;;; Rp	3.025.000,00 ; Rp	52.148.506,31 ;
;Uang Belanja Hilman 26 Februari'26;;; Rp	5.000.000,00 ; Rp	47.148.506,31 ;
;Marketing;;; Rp	200.000,00 ; Rp	46.948.506,31 ;
;Biaya Bank;;; Rp	2.500,00 ; Rp	46.946.006,31 ;
;Uang Harian Lalamove Pak Purnomo 26Februari'26;;; Rp	400.000,00 ; Rp	46.546.006,31 ;
26-Feb;Uang Harian Pak Ifan 25 Februari'26;;; Rp	150.000,00 ; Rp	46.396.006,31 ;
;Pembelian Delta Adib 25 Februari'26;;; Rp	72.000,00 ; Rp	46.324.006,31 ;
;Uang Belanja Bagus 26 Februari'26;;; Rp	400.000,00 ; Rp	45.924.006,31 ;
;Pembelian Susu Kental Manis Cap Enak@370Gr 48Can Shopee 26Februari'26;;; Rp	631.804,00 ; Rp	45.292.202,31 ;
;Pembelian Safira 26Februari'26;;; Rp	480.000,00 ; Rp	44.812.202,31 ;
;Uang Belanja Hilman 26 Februari'26;;; Rp	195.000,00 ; Rp	44.617.202,31 ;
;Uang Operasional Rifai 26 Februari'26;;; Rp	22.000,00 ; Rp	44.595.202,31 ;
;Uang Belanja Hilman 27 Februari'26;;; Rp	5.500.000,00 ; Rp	39.095.202,31 ;
;Uang Harian Pak Ifan 26 Februari'26;;; Rp	150.000,00 ; Rp	38.945.202,31 ;
27-Feb;Kembalian Uang Belanja Hilman 21Februari'26;; Rp	168.000,00 ;; Rp	39.113.202,31 ;
;Kembalian Uang Belanja Hilman 22Februari'26;; Rp	451.000,00 ;; Rp	39.564.202,31 ;
;Kembalian Uang Belanja Hilman 24Februari'26;; Rp	1.361.000,00 ;; Rp	40.925.202,31 ;
;Uang Lembur Rifai 25-26 Februari'26;;; Rp	100.000,00 ; Rp	40.825.202,31 ;
;Uang Lembur Sandi 27 Februari'26;;; Rp	50.000,00 ; Rp	40.775.202,31 ;
;Pembelian Safira 27Februari'26;;; Rp	440.000,00 ; Rp	40.335.202,31 ;
;Pembelian Delta Adib 27 Februari'26;;; Rp	180.000,00 ; Rp	40.155.202,31 ;
;Pembelian Aldi 9-15 Februari'26;;; Rp	3.976.250,00 ; Rp	36.178.952,31 ;
;Pembelian Suminto 10-14 Februari'26;;; Rp	2.055.000,00 ; Rp	34.123.952,31 ;
;Pembelian AA Utom 10-14 Februari'26;;; Rp	8.278.000,00 ; Rp	25.845.952,31 ;
;Biaya Bank;;; Rp	2.500,00 ; Rp	25.843.452,31 ;
;Marketing;;; Rp	100.000,00 ; Rp	25.743.452,31 ;
;Biaya Bank;;; Rp	2.500,00 ; Rp	25.740.952,31 ;
;Marketing;;; Rp	401.000,00 ; Rp	25.339.952,31 ;
;Uang Belanja Hilman 28 Februari'26;;; Rp	5.000.000,00 ; Rp	20.339.952,31 ;
;Kembalian Uang Operasional Rifai 27Februari'26;; Rp	50.000,00 ;; Rp	20.389.952,31 ;
28-Feb;Marketing;;; Rp	580.000,00 ; Rp	19.809.952,31 ;
;Pembelian Lestari 28 Februari;;; Rp	525.000,00 ; Rp	19.284.952,31 ;
;Pembelian Safira 28Februari'26;;; Rp	1.360.000,00 ; Rp	17.924.952,31 ;
;Uang Belanja Hilman 27 Februari'26;;; Rp	1.390.000,00 ; Rp	16.534.952,31 ;
;Pembelian Grenfield FreshMilk@1Liter 12Pack Shopee 28Februari'26;;; Rp	424.192,00 ; Rp	16.110.760,31 ;
;Pembelian Rich Gold Whipping Cream @1Liter 1Pack Shopee 28Februari'26;;; Rp	64.700,00 ; Rp	16.046.060,31 ;
;Pembelian Hydrococo@1liter 2Pack Shopee 28Februari'26;;; Rp	51.200,00 ; Rp	15.994.860,31 ;
;Pembelian Garam Himalaya@160Gr 1Pack Shopee 28Februari'26;;; Rp	31.710,00 ; Rp	15.963.150,31 ;
;Pembelian Jungle Juice Orange@1Liter 2Pack Shopee 28Februari'26;;; Rp	74.000,00 ; Rp	15.889.150,31 ;
;Uang Belanja Hilman 2Maret'26;;; Rp	4.000.000,00 ; Rp	11.889.150,31 ;
;Uang Belanja Hilman 1Maret'26;;; Rp	3.000.000,00 ; Rp	8.889.150,31 ;
;Uang Operasional Rifai 28 Februari'26;;; Rp	52.000,00 ; Rp	8.837.150,31 ;
;Pembelian Delta Adib 28 Februari'26;;; Rp	450.000,00 ; Rp	8.387.150,31 ;
;Uang Harian Lalamove Pak Purnomo 27&28Februari'26;;; Rp	800.000,00 ; Rp	7.587.150,31 ;
;Bunga;; Rp	133,26 ;; Rp	7.587.283,57 ;
;Pajak;;; Rp	26,65 ; Rp	7.587.256,92 ;
;;;;;;
;;;;;;
;Saldo Awal :; Rp	23.477.790,31 ;;;;
;Mutasi Kredit :; Rp	422.585.133,26 ;;;;
;Mutasi Debet :; Rp	438.475.666,65 ;;;;
;Saldo Akhir :; Rp	7.587.256,92 ;;;;


LAPORAN KAS BCA DISMA BULAN MARET 2026;;;;;;
;;;;;;
TGL;KETERANGAN;SALDO AWAL;KAS MASUK;KAS KELUAR;SALDO AKHIR;
;;;;;;
;; Rp	7.587.256,92 ;;; Rp	7.587.256,92 ;
02-Mar;Disma Operasional Cost Dari Bank Bri;; Rp	40.000.000,00 ;; Rp	47.587.256,92 ;
;Pembelian AgroBoga 16-17Februari'26;;; Rp	3.960.000,00 ; Rp	43.627.256,92 ;
;Biaya Bank;;; Rp	2.500,00 ; Rp	43.624.756,92 ;
;Uang Belanja Hilman 1Maret'26;;; Rp	185.000,00 ; Rp	43.439.756,92 ;
;Uang Lembur Rifai 27Februari'26;;; Rp	50.000,00 ; Rp	43.389.756,92 ;
;Uang Lembur Sandi 28Februari'26;;; Rp	50.000,00 ; Rp	43.339.756,92 ;
;Uang Lembur Bagus 1Maret'26;;; Rp	50.000,00 ; Rp	43.289.756,92 ;
;Marketing;;; Rp	100.000,00 ; Rp	43.189.756,92 ;
;Uang Belanja Hilman 2Maret'26;;; Rp	3.303.000,00 ; Rp	39.886.756,92 ;
;Pembelian Safira 2Maret'26;;; Rp	435.000,00 ; Rp	39.451.756,92 ;
;Pembelian Delta Adib 2Maret'26;;; Rp	648.000,00 ; Rp	38.803.756,92 ;
;Uang Operasional Pak Ifan 2Maret'26;;; Rp	100.000,00 ; Rp	38.703.756,92 ;
;Pembelian Hijrah 2Maret'26;;; Rp	1.985.500,00 ; Rp	36.718.256,92 ;
;Pembelian Beras Hanaro@5Kg 2Krg Shopee 2Maret'26;;; Rp	436.180,00 ; Rp	36.282.076,92 ;
;Uang Operasional Rifai 2Maret'26;;; Rp	22.000,00 ; Rp	36.260.076,92 ;
;Uang Belanja Hilman 3Maret'26;;; Rp	5.500.000,00 ; Rp	30.760.076,92 ;
03-Mar;Pelunasan Buka Puasa Disma Fresh;;; Rp	720.000,00 ; Rp	30.040.076,92 ;
;Uang Harian Pak Ifan 2-3Maret'26;;; Rp	300.000,00 ; Rp	29.740.076,92 ;
;Marketing;;; Rp	100.000,00 ; Rp	29.640.076,92 ;
;Biaya Bank;;; Rp	2.500,00 ; Rp	29.637.576,92 ;
;Marketing;;; Rp	101.000,00 ; Rp	29.536.576,92 ;
;Uang Belanja Bagus 3Maret'26;;; Rp	600.000,00 ; Rp	28.936.576,92 ;
;Pembelian Beras Thai Farmer@5Kg 4Krg Shopee 3Maret'26;;; Rp	1.227.000,00 ; Rp	27.709.576,92 ;
;Pembelian Safira 3Maret'26;;; Rp	915.000,00 ; Rp	26.794.576,92 ;
;Uang Belanja Hilman 4Maret'26;;; Rp	5.000.000,00 ; Rp	21.794.576,92 ;
;Marketing;;; Rp	124.700,00 ; Rp	21.669.876,92 ;
04-Mar;Uang Kembalian Belanja Hilman 28Februari'26;; Rp	587.000,00 ;; Rp	22.256.876,92 ;
;Internet Indosat Hifi ;;; Rp	382.950,00 ; Rp	21.873.926,92 ;
;Pembelian Safira 4Maret'26;;; Rp	870.000,00 ; Rp	21.003.926,92 ;
;Pembelian Delta Adib 4Maret'26;;; Rp	180.000,00 ; Rp	20.823.926,92 ;
;Uang Lembur Rifai 3Maret'26;;; Rp	50.000,00 ; Rp	20.773.926,92 ;
;Pembelian Sagu Tani Liauw Liong Fit@1Kg 10 Pack Shopee 4Maret'26;;; Rp	290.784,00 ; Rp	20.483.142,92 ;
;Tagihan Mka 19-23Desember 2024;; Rp	3.250.000,00 ;; Rp	23.733.142,92 ;
;Pembelian Salted Egg Yolk Golden Isi 20Pcs 20Pack Shopee 4Maret'26;;; Rp	2.382.240,00 ; Rp	21.350.902,92 ;
;Kouta Internet Rifai Bulan Maret'26;;; Rp	100.000,00 ; Rp	21.250.902,92 ;
;Pembelian Java Cocoa Powder Classic@1Kg 1Pack Shopee 4Maret'26;;; Rp	232.990,00 ; Rp	21.017.912,92 ;
;Pembelian Struk Thermal Pmm 80x80 12Roll Shopee 4Maret'26;;; Rp	163.820,00 ; Rp	20.854.092,92 ;
;Pembelian Lestari 5Maret'26;;; Rp	1.685.000,00 ; Rp	19.169.092,92 ;
;Uang Belanja Hilman 5Maret'26;;; Rp	7.000.000,00 ; Rp	12.169.092,92 ;
05-Mar;Pembelian Milac Cooking Cream@1Liter 14Pack Shopee 5Maret'26;;; Rp	1.010.000,00 ; Rp	11.159.092,92 ;
;Pembelian Mamasuka Mayonaise@1Kg 2 Pack Shopee 5Maret'26;;; Rp	118.280,00 ; Rp	11.040.812,92 ;
;Pembelian Sunlight@5Ltr 5Jrg Tokpedia 5Maret'26;;; Rp	484.150,00 ; Rp	10.556.662,92 ;
;Pembelian Delta Adib 5Maret'26;;; Rp	324.000,00 ; Rp	10.232.662,92 ;
;Pembelian Biji Jali@1Kg 4Pack Shopee 5Maret'26;;; Rp	213.880,00 ; Rp	10.018.782,92 ;
;Uang Operasional Rifai 5Maret'26;;; Rp	50.000,00 ; Rp	9.968.782,92 ;
;Pembelian Nescafe Classic@200Gr 4Jar Shopee 5Maret'26;;; Rp	410.384,00 ; Rp	9.558.398,92 ;
;Marketing;;; Rp	76.300,00 ; Rp	9.482.098,92 ;
;Marketing;;; Rp	203.940,00 ; Rp	9.278.158,92 ;
;Pembelian Toko Maju Bersama 5Marert'26 (Countinus 3Dus & Amplop 3Dus);;; Rp	660.000,00 ; Rp	8.618.158,92 ;
;Uang Belanja Hilman 6Maret'26;;; Rp	6.500.000,00 ; Rp	2.118.158,92 ;
06-Mar;Tagihan Kyo Jatiwaringin 29Desember'25-11Januari'26;; Rp	6.323.000,00 ;; Rp	8.441.158,92 ;
;Bingkisan Anak Anak Disma 6Maret'26;;; Rp	1.050.000,00 ; Rp	7.391.158,92 ;
;Uang Harian Pak Ifan 5Maret'26;;; Rp	150.000,00 ; Rp	7.241.158,92 ;
;Pembelian Sanremo Fettucini@500Gr 4Pack , Sanremo Spaghetti 6Pack Shopee 6Maret'26;;; Rp	232.680,00 ; Rp	7.008.478,92 ;
;Disma Operasional Cost Dari Bank Mandiri;; Rp	60.000.000,00 ;; Rp	67.008.478,92 ;
;Deck Disma 2026;;; Rp	500.000,00 ; Rp	66.508.478,92 ;
;Uang Belanja Hilman 6Maret'26;;; Rp	966.000,00 ; Rp	65.542.478,92 ;
;Uang Kembalian Belanja Hilman 3Maret'26;; Rp	125.000,00 ;; Rp	65.667.478,92 ;
;Uang Kembalian Belanja Hilman 4Maret'26;; Rp	1.441.000,00 ;; Rp	67.108.478,92 ;
;Uang Operasional Pak Ifan 6Maret'26;;; Rp	52.000,00 ; Rp	67.056.478,92 ;
;Pembelian Kursi Kantor 6Maret'26;;; Rp	312.761,00 ; Rp	66.743.717,92 ;
;Pembelian Delta Adib 6Maret'26;;; Rp	468.000,00 ; Rp	66.275.717,92 ;
;Uang Belanja Hilman 7Maret'26;;; Rp	4.500.000,00 ; Rp	61.775.717,92 ;
;Marketing;;; Rp	151.000,00 ; Rp	61.624.717,92 ;
07-Mar;Pembelian Lestari 7Maret'26;;; Rp	1.780.000,00 ; Rp	59.844.717,92 ;
;Uang Lembur Rifai 5-6Maret'26;;; Rp	100.000,00 ; Rp	59.744.717,92 ;
;Uang Operasional Rifai 6Maret'26;;; Rp	22.000,00 ; Rp	59.722.717,92 ;
;Uang Harian Pak Ifan 6-7Maret'26;;; Rp	300.000,00 ; Rp	59.422.717,92 ;
;Pembelian Mamasuka Mayonaise@1Kg 6 Pack Shopee 7Maret'26;;; Rp	306.400,00 ; Rp	59.116.317,92 ;
;Pembelian Bertolli White Vinegar@500Ml 1Btl Shopee 7Maret'26;;; Rp	61.000,00 ; Rp	59.055.317,92 ;
;Pembelian Bertolli Balsamic Vinegar@500Ml 1Btl Shopee 7Maret'26;;; Rp	66.600,00 ; Rp	58.988.717,92 ;
;Pembelian Madu Uray@875Ml 4Btl Shopee 7Maret'26;;; Rp	633.000,00 ; Rp	58.355.717,92 ;
;Pembelian Minyak Vipco @1liter 1Pack Shopee 7Maret'26;;; Rp	31.500,00 ; Rp	58.324.217,92 ;
;Pembelian Mc Chain Sprial Twister Curly Fries@1,8Kg 10Pack Shopee 7Maret'26;;; Rp	1.341.600,00 ; Rp	56.982.617,92 ;
;Pembelian Suminto 16-19Februari'26;;; Rp	285.000,00 ; Rp	56.697.617,92 ;
;Pembelian Aldi 16-22Februari'26;;; Rp	12.401.750,00 ; Rp	44.295.867,92 ;
;Pembelian AA Utom 16-21 Februari'26;;; Rp	13.279.500,00 ; Rp	31.016.367,92 ;
;Biaya Bank;;; Rp	2.500,00 ; Rp	31.013.867,92 ;
;Pembelian Tasmi 21Februari'26;;; Rp	17.940.000,00 ; Rp	13.073.867,92 ;
;Uang Lembur Sandi 7Maret'26;;; Rp	50.000,00 ; Rp	13.023.867,92 ;
;Uang Belanja Bagus 7Maret'26;;; Rp	400.000,00 ; Rp	12.623.867,92 ;
;Uang Belanja Hilman 8Maret'26;;; Rp	3.000.000,00 ; Rp	9.623.867,92 ;
;Uang Belanja Hilman 9Maret'26;;; Rp	3.500.000,00 ; Rp	6.123.867,92 ;
;Disma Operasional Cost Dari Bank Bri;; Rp	100.000.000,00 ;; Rp	106.123.867,92 ;
09-Mar;Pembelian Danira 16-21 Februari'26;;; Rp	25.000.000,00 ; Rp	81.123.867,92 ;
;Biaya Bank;;; Rp	2.500,00 ; Rp	81.121.367,92 ;
;Pembelian Danira 16-21 Februari'26;;; Rp	25.000.000,00 ; Rp	56.121.367,92 ;
;Biaya Bank;;; Rp	2.500,00 ; Rp	56.118.867,92 ;
;Pembelian Danira 16-21 Februari'26;;; Rp	25.000.000,00 ; Rp	31.118.867,92 ;
;Biaya Bank;;; Rp	2.500,00 ; Rp	31.116.367,92 ;
;Pembelian Danira 16-21 Februari'26;;; Rp	8.410.000,00 ; Rp	22.706.367,92 ;
;Biaya Bank;;; Rp	2.500,00 ; Rp	22.703.867,92 ;
;Pengembalian Dana Mamasuka Mayonaise@1Kg 6Pack Shopee 7Maret'26;; Rp	306.400,00 ;; Rp	23.010.267,92 ;
;Pengembalian Dana Minyak Vipco@1Liter 1Pack Shopee 7Maret'26;; Rp	31.500,00 ;; Rp	23.041.767,92 ;
;Uang Belanja Hilman 7Maret'26;;; Rp	674.000,00 ; Rp	22.367.767,92 ;
;Pembelian Delta Adib 7Maret'26;;; Rp	576.000,00 ; Rp	21.791.767,92 ;
;Pembelian Delta Adib 9Maret'26;;; Rp	360.000,00 ; Rp	21.431.767,92 ;
;Uang Operasional Pak Ifan 6Maret'26;;; Rp	50.000,00 ; Rp	21.381.767,92 ;
;Uang Lembur Rifai 7Maret'26;;; Rp	50.000,00 ; Rp	21.331.767,92 ;
;Pembelian Minyak Vipco @1liter 4Pack Shopee 9Maret'26;;; Rp	116.200,00 ; Rp	21.215.567,92 ;
;Pembelian Mamasuka Mayonaise@1Kg 6 Pack Shopee 9Maret'26;;; Rp	293.700,00 ; Rp	20.921.867,92 ;
;Pembelian Maestro Mustrad@1Kg 2 Pack Shopee 9Maret'26;;; Rp	149.398,00 ; Rp	20.772.469,92 ;
;Pembelian Lestari 9Maret'26;;; Rp	700.000,00 ; Rp	20.072.469,92 ;
;Uang Belanja Hilman 9Maret'26;;; Rp	2.567.000,00 ; Rp	17.505.469,92 ;
;Pembelian Safira 8Maret'26;;; Rp	430.000,00 ; Rp	17.075.469,92 ;
;Pembelian Safira 9Maret'26;;; Rp	895.000,00 ; Rp	16.180.469,92 ;
;Uang Operasional Pak Ifan 9Maret'26;;; Rp	52.000,00 ; Rp	16.128.469,92 ;
;Pembelian Tepung Serbaguna Mamasuka@910Gr 4Pack Shopee 9Maret'26;;; Rp	93.000,00 ; Rp	16.035.469,92 ;
;Pembelian Mc Chain Sprial Twister Curly Fries@1,8Kg 10Pack Shopee 9Maret'26;;; Rp	1.461.850,00 ; Rp	14.573.619,92 ;
;Pembelian Daging Giling Regular@1Kg 6Pack Shopee 9Maret'26;;; Rp	549.700,00 ; Rp	14.023.919,92 ;
;Pembelian Rafflesia 9Maret'26;;; Rp	39.000,00 ; Rp	13.984.919,92 ;
;Uang Belanja Hilman 10Maret'26;;; Rp	4.500.000,00 ; Rp	9.484.919,92 ;
10-Mar;Minum Kantor;;; Rp	46.800,00 ; Rp	9.438.119,92 ;
;Uang Operasional Pak Ifan 9Maret'26;;; Rp	52.000,00 ; Rp	9.386.119,92 ;
;Uang Lembur Bagus 8Maret'26;;; Rp	50.000,00 ; Rp	9.336.119,92 ;
;Pembelian Salted Egg Yolk Golden Isi 20Pcs 16Pack Shopee 10Maret'26;;; Rp	2.260.299,00 ; Rp	7.075.820,92 ;
;Pembelian Safira 10Maret'26;;; Rp	1.290.000,00 ; Rp	5.785.820,92 ;
;Pembelian Sarung Tangan Samrock @50Pcs 3Pack Shopee 10Maret'26;;; Rp	161.900,00 ; Rp	5.623.920,92 ;
;Pembelian Mamasuka Mayonaise@1Kg 7 Pack Shopee 10Maret'26;;; Rp	355.120,00 ; Rp	5.268.800,92 ;
;Pembelian Maestro Mustrad@1Kg 2 Pack Shopee 10Maret'26;;; Rp	158.998,00 ; Rp	5.109.802,92 ;
;Pembelian Minyak Vipco @1liter 6Pack Shopee 10Maret'26;;; Rp	194.200,00 ; Rp	4.915.602,92 ;
;Pengembalian Uang Operasional Pak Ifan 9Maret'26;; Rp	52.000,00 ;; Rp	4.967.602,92 ;
;Pembelian Hijrah 10Maret'26;;; Rp	1.985.500,00 ; Rp	2.982.102,92 ;
;Pembelian Delta Adib 10Maret'26;;; Rp	720.000,00 ; Rp	2.262.102,92 ;
;Uang Belanja Bagus 10Maret'26;;; Rp	700.000,00 ; Rp	1.562.102,92 ;
;Uang Operasional Rifai 10Maret'26;;; Rp	52.000,00 ; Rp	1.510.102,92 ;
;Telkomsel Pak Damar Mar'26;;; Rp	280.000,00 ; Rp	1.230.102,92 ;
;Disma Operasional Cost Dari Bank Bri;; Rp	12.000.000,00 ;; Rp	13.230.102,92 ;
;Uang Belanja Hilman 10Maret'26;;; Rp	672.000,00 ; Rp	12.558.102,92 ;
;Uang Belanja Hilman 11Maret'26;;; Rp	9.500.000,00 ; Rp	3.058.102,92 ;
;Uang Lembur Sandi 10Maret'26;;; Rp	50.000,00 ; Rp	3.008.102,92 ;
;Uang Lembur Rifai 10Maret'26;;; Rp	50.000,00 ; Rp	2.958.102,92 ;
;Uang Lembur Sifa 10Maret'26;;; Rp	50.000,00 ; Rp	2.908.102,92 ;
11-Mar;Pembelian Tissue Plenty Kitchen Towel@2Pcs 24Pack Tokopedia 11Februari'26;;; Rp	322.600,00 ; Rp	2.585.502,92 ;
;Pembelian Syrup Pandan Dripp@760Ml 4Btl Shopee 11Maret'26;;; Rp	381.400,00 ; Rp	2.204.102,92 ;
;Pembelian Syrup Sakura Dripp@760Ml 4Btl Shopee 11Maret'26;;; Rp	394.720,00 ; Rp	1.809.382,92 ;
;Pembelian Maple Joe@250Gr 5Btl Shopee 11Maret'26;;; Rp	496.750,00 ; Rp	1.312.632,92 ;
;Uang Belanja Hilman 11Maret'26;;; Rp	533.000,00 ; Rp	779.632,92 ;
;Pembelian Multibev Creamer POwder@1Kg 2Pack Shopee 11Maret'26;;; Rp	144.490,00 ; Rp	635.142,92 ;
;Pembelian Diamond Fresh Milk Plain@1Liter 12Pack Shopee 11Maret'26;;; Rp	264.927,00 ; Rp	370.215,92 ;
;Disma Operasional Cost Dari Bank Bri;; Rp	5.000.000,00 ;; Rp	5.370.215,92 ;
;Pembelian Safira 11Maret'26;;; Rp	860.000,00 ; Rp	4.510.215,92 ;
;Uang Belanja Hilman 12Maret'26;;; Rp	2.500.000,00 ; Rp	2.010.215,92 ;
;Kembalian Uang Operasional Rifai 11Maret'26;; Rp	50.000,00 ;; Rp	2.060.215,92 ;
;Marketing;;; Rp	100.000,00 ; Rp	1.960.215,92 ;
;Biaya Bank;;; Rp	2.500,00 ; Rp	1.957.715,92 ;
;Pembelian Lestari 12Maret'26;;; Rp	1.040.000,00 ; Rp	917.715,92 ;
12-Mar;Tagihan Kyo Jatiwaringin 5-25Januari'26 & Tagihan Kyo Astha 12-25Januari'26;; Rp	6.955.000,00 ;; Rp	7.872.715,92 ;
;Pembelian Biji Jali@1Kg 2Pack Shopee 12Maret'26;;; Rp	134.000,00 ; Rp	7.738.715,92 ;
;Pembelian Nescafe Classic@200Gr 3Jar Shopee 12Maret'26;;; Rp	330.700,00 ; Rp	7.408.015,92 ;
;Hampers Kyo 12 Maret'26;;; Rp	1.391.500,00 ; Rp	6.016.515,92 ;
;Marketing;;; Rp	50.000,00 ; Rp	5.966.515,92 ;
;Marketing;;; Rp	40.000,00 ; Rp	5.926.515,92 ;
;Marketing;;; Rp	50.000,00 ; Rp	5.876.515,92 ;
13-Mar;Disma Operasional Cost Dari Bank Bri;; Rp	140.000.000,00 ;; Rp	145.876.515,92 ;
;Uang Belanja Hilman 13Maret'26;;; Rp	9.500.000,00 ; Rp	136.376.515,92 ;
;Pembelian Safira 12Maret'26;;; Rp	895.000,00 ; Rp	135.481.515,92 ;
;Pembelian Delta Adib 12Maret'26;;; Rp	756.000,00 ; Rp	134.725.515,92 ;
;Uang Belanja Hilman 12Maret'26;;; Rp	2.418.000,00 ; Rp	132.307.515,92 ;
;Pembelian Lestari 12Maret'26;;; Rp	200.000,00 ; Rp	132.107.515,92 ;
;Pembelian Monin Syrup Leci @700Ml  2Btl Tokopedia 13Maret'26;;; Rp	275.800,00 ; Rp	131.831.715,92 ;
;Pembelian Sunlight@5Ltr 4Jrg Tokpedia 13Maret'26;;; Rp	370.764,00 ; Rp	131.460.951,92 ;
;Pembelian Sarung Tangan Samrock @50Pcs 8Pack Shopee 13Maret'26;;; Rp	415.700,00 ; Rp	131.045.251,92 ;
;Pembelian Salted Egg Yolk Golden Isi 20Pcs 12Pack Shopee 13Maret'26;;; Rp	1.738.785,00 ; Rp	129.306.466,92 ;
;Pembelian Mamasuka Mayonaise@1Kg 7 Pack Shopee 13Maret'26;;; Rp	363.100,00 ; Rp	128.943.366,92 ;
;Pembelian Bertolli Balsamic Vinegar@500Ml 1Btl Shopee 13Maret'26;;; Rp	72.500,00 ; Rp	128.870.866,92 ;
;Pembelian Minyak Vipco @1liter 12Pack Shopee 13Maret'26;;; Rp	292.749,00 ; Rp	128.578.117,92 ;
;Pembelian Maestro Mustrad@1Kg 2 Pack Shopee 13Maret'26;;; Rp	162.198,00 ; Rp	128.415.919,92 ;
;THR Satpam Komplek Disma 13Maret'26;;; Rp	100.000,00 ; Rp	128.315.919,92 ;
;Listrik Kantor;;; Rp	2.228.868,00 ; Rp	126.087.051,92 ;
;Uang Belanja Hilman 13Maret'26;;; Rp	4.367.000,00 ; Rp	121.720.051,92 ;
;Pembelian Delta Adib 13 Maret'26;;; Rp	1.224.000,00 ; Rp	120.496.051,92 ;
;Pembelian Aldi 23-28 Februari'26;;; Rp	39.674.750,00 ; Rp	80.821.301,92 ;
;Pembelian Tasmi 23-26Februari'26;;; Rp	47.520.000,00 ; Rp	33.301.301,92 ;
;Pembelian AA Utom 25-28 Februari'26;;; Rp	13.210.000,00 ; Rp	20.091.301,92 ;
;Biaya Bank;;; Rp	2.500,00 ; Rp	20.088.801,92 ;
;Pembelian Maestro Mustrad@1Kg 2 Pack Shopee 13Maret'26;;; Rp	162.198,00 ; Rp	19.926.603,92 ;
;Pembelian Mamasuka Mayonaise@1Kg 6 Pack Shopee 13Maret'26;;; Rp	346.000,00 ; Rp	19.580.603,92 ;
;Uang Belanja Bagus 13Maret'26;;; Rp	400.000,00 ; Rp	19.180.603,92 ;
;Pembelian Sumpit Bambu @50Pcs 50Pack Shopee 13Maret'26;;; Rp	310.050,00 ; Rp	18.870.553,92 ;
;Pembelian Struk Thermal Pmm 80x80 15Roll Shopee 13Maret'26;;; Rp	209.625,00 ; Rp	18.660.928,92 ;
;Uang Lembur Rifai 11Maret'26;;; Rp	50.000,00 ; Rp	18.610.928,92 ;
;Uang Lembur Bagus 12Maret'26;;; Rp	50.000,00 ; Rp	18.560.928,92 ;
;Uang Belanja Hilman 14Maret'26;;; Rp	3.500.000,00 ; Rp	15.060.928,92 ;
;Marketing;;; Rp	182.000,00 ; Rp	14.878.928,92 ;
14-Mar;Pembelian Aldi 23-28 Februari'26;;; Rp	585.000,00 ; Rp	14.293.928,92 ;
;Pembelian Safira 14Maret'26;;; Rp	430.000,00 ; Rp	13.863.928,92 ;
;Pembelian Delta Adib 14Maret'26;;; Rp	378.000,00 ; Rp	13.485.928,92 ;
;Uang Belanja Hilman 16Maret'26;;; Rp	3.000.000,00 ; Rp	10.485.928,92 ;
16-Mar;Pendanaan Angel Investor 1Bulan Balik;; Rp	80.000.000,00 ;; Rp	90.485.928,92 ;
;Pembelian Sagu Tani Liauw Liong Fit@1Kg 10 Pack Shopee 16Maret'26;;; Rp	321.700,00 ; Rp	90.164.228,92 ;
;Pembelian Mamasuka Mayonaise@1Kg 10 Pack Shopee 16Maret'26;;; Rp	517.000,00 ; Rp	89.647.228,92 ;
;Uang Belanja Hilman 14Maret'26;;; Rp	132.000,00 ; Rp	89.515.228,92 ;
;Pembelian Maestro Mustrad@1Kg 10 Pack Shopee 16Maret'26;;; Rp	739.990,00 ; Rp	88.775.238,92 ;
;Pembelian Nescafe Classic@200Gr 5Jar Shopee 16Maret'26;;; Rp	548.500,00 ; Rp	88.226.738,92 ;
;Pembelian Tissu Livi Multifold 24Pack Shopee 16Maret'26;;; Rp	201.088,00 ; Rp	88.025.650,92 ;
;Pembelian Sarung Tangan Samrock @50Pcs 6Pack Shopee 16Maret'26;;; Rp	321.620,00 ; Rp	87.704.030,92 ;
;Uang Harian Pak Ifan 14Maret'26;;; Rp	150.000,00 ; Rp	87.554.030,92 ;
;Uang Operasional Rifai 14Maret'26;;; Rp	22.000,00 ; Rp	87.532.030,92 ;
;Uang Lembur Bagus 15Maret'26;;; Rp	50.000,00 ; Rp	87.482.030,92 ;
;Uang Lembur Rifai 13Maret'26;;; Rp	50.000,00 ; Rp	87.432.030,92 ;
;Kasbon AA Utom 16Maret'26;;; Rp	200.000,00 ; Rp	87.232.030,92 ;
;Disma Operasional Cost Dari Bank Mandiri;; Rp	40.000.000,00 ;; Rp	127.232.030,92 ;
;Pembelian Tissue Hand Towel Brown@20Pack 2Ctn Shopee 16Maret'26;;; Rp	261.650,00 ; Rp	126.970.380,92 ;
;Pembelian Danira 23-28 Februari'26;;; Rp	25.000.000,00 ; Rp	101.970.380,92 ;
;Biaya Bank;;; Rp	2.500,00 ; Rp	101.967.880,92 ;
;Pembelian Danira 23-28 Februari'26;;; Rp	25.000.000,00 ; Rp	76.967.880,92 ;
;Biaya Bank;;; Rp	2.500,00 ; Rp	76.965.380,92 ;
;Pembelian Danira 23-28 Februari'26;;; Rp	25.000.000,00 ; Rp	51.965.380,92 ;
;Biaya Bank;;; Rp	2.500,00 ; Rp	51.962.880,92 ;
;Pembelian Danira 23-28 Februari'26;;; Rp	22.855.000,00 ; Rp	29.107.880,92 ;
;Biaya Bank;;; Rp	2.500,00 ; Rp	29.105.380,92 ;
;Uang Belanja Hilman 16Maret'26;;; Rp	5.262.000,00 ; Rp	23.843.380,92 ;
;Pembelian Delta Adib 16Maret'26;;; Rp	756.000,00 ; Rp	23.087.380,92 ;
;Kasbon Pak Harwin 16Maret'26;;; Rp	1.000.000,00 ; Rp	22.087.380,92 ;
;Hampers Lebaran Client 16Maret'26;;; Rp	1.700.000,00 ; Rp	20.387.380,92 ;
;Buka Bersama Di Kantor 16Maret'26;;; Rp	501.000,00 ; Rp	19.886.380,92 ;
;Uang Belanja Hilman 17Maret'26;;; Rp	3.000.000,00 ; Rp	16.886.380,92 ;
;Pembelian Lestari 17Maret'26;;; Rp	1.090.000,00 ; Rp	15.796.380,92 ;
;Pembelian Sofian 17Maret'26;;; Rp	487.500,00 ; Rp	15.308.880,92 ;
;Pembelian Mc Chain Sprial Twister Curly Fries@1,8Kg 10Pack Shopee 16Maret'26;;; Rp	1.565.000,00 ; Rp	13.743.880,92 ;
;Pembelian Mc Chain Sprial Twister Curly Fries@1,8Kg 10Pack Shopee 16Maret'26;;; Rp	1.554.000,00 ; Rp	12.189.880,92 ;
;Uang Belanja Bagus 16Maret'26;;; Rp	200.000,00 ; Rp	11.989.880,92 ;
17-Mar;Uang Kembalian Belanja Hilman 8Maret'26;; Rp	175.000,00 ;; Rp	12.164.880,92 ;
;Uang THR 2026 Pak Ifan;;; Rp	500.000,00 ; Rp	11.664.880,92 ;
;Disma Operasional Cost Dari Bank Bri;; Rp	16.000.000,00 ;; Rp	27.664.880,92 ;
;Hampers Lebaran Client 17Maret'26;;; Rp	550.000,00 ; Rp	27.114.880,92 ;
;Biaya Bank;;; Rp	2.500,00 ; Rp	27.112.380,92 ;
;Uang Belanja Hilman 17Maret'26;;; Rp	1.248.000,00 ; Rp	25.864.380,92 ;
;Pembelian Delta Adib 17Maret'26;;; Rp	1.224.000,00 ; Rp	24.640.380,92 ;
;Pembelian Safira 17Maret'26;;; Rp	435.000,00 ; Rp	24.205.380,92 ;
;Pembelian Rafflesia 17Maret'26;;; Rp	350.000,00 ; Rp	23.855.380,92 ;
;Uang Operasional Rifai 17Maret'26;;; Rp	22.000,00 ; Rp	23.833.380,92 ;
;Hampers Client Disma;;; Rp	1.600.000,00 ; Rp	22.233.380,92 ;
;Pembelian Rafflesia 17Maret'26;;; Rp	1.110.000,00 ; Rp	21.123.380,92 ;
;Uang Belanja Hilman 18Maret'26;;; Rp	7.000.000,00 ; Rp	14.123.380,92 ;
;Uang Lembur Rifai 14Maret'26;;; Rp	50.000,00 ; Rp	14.073.380,92 ;
;Pembelian Safira 18Maret'26;;; Rp	870.000,00 ; Rp	13.203.380,92 ;
;Pembelian AgroBoga 5Maret'26;;; Rp	2.200.000,00 ; Rp	11.003.380,92 ;
;Biaya Bank;;; Rp	2.500,00 ; Rp	11.000.880,92 ;
;Uang Belanja Hilman 19Maret'26;;; Rp	1.000.000,00 ; Rp	10.000.880,92 ;
18-Mar;Pembelian Sofian 18Maret'26;;; Rp	502.500,00 ; Rp	9.498.380,92 ;
;Pembelian Delta Adib 18Maret'26;;; Rp	1.296.000,00 ; Rp	8.202.380,92 ;
;Uang Belanja Hilman 19Maret'26;;; Rp	6.500.000,00 ; Rp	1.702.380,92 ;
;Uang Lembur Rifai 18Maret'26;;; Rp	200.000,00 ; Rp	1.502.380,92 ;
;Uang Lembur Pak Purnomo 18Maret'26;;; Rp	200.000,00 ; Rp	1.302.380,92 ;
;Uang Lembur Sifa 18Maret'26;;; Rp	200.000,00 ; Rp	1.102.380,92 ;
;Disma Operasional Cost Dari Bank Bri;; Rp	40.000.000,00 ;; Rp	41.102.380,92 ;
19-Mar;Uang Operasional Harun 19Maret'26;;; Rp	52.000,00 ; Rp	41.050.380,92 ;
20-Mar;Uang Lembur Rifai 19Maret'26;;; Rp	250.000,00 ; Rp	40.800.380,92 ;
;Uang Lembur Harun 19-20Maret'26;;; Rp	500.000,00 ; Rp	40.300.380,92 ;
;Kasbon AA Utom 20Maret'26;;; Rp	5.000.000,00 ; Rp	35.300.380,92 ;
;Biaya Adm;;; Rp	20.000,00 ; Rp	35.280.380,92 ;
24-Mar;Pembelian Lestari 25Maret'26;;; Rp	1.385.000,00 ; Rp	33.895.380,92 ;
;Uang Belanja Hilman 25Maret'26;;; Rp	6.000.000,00 ; Rp	27.895.380,92 ;
25-Mar;Uang Belanja Hilman 18Maret'26;;; Rp	47.000,00 ; Rp	27.848.380,92 ;
;Pembelian Delta Adib 19Maret'26;;; Rp	972.000,00 ; Rp	26.876.380,92 ;
;Pembelian Delta Adib 25Maret'26;;; Rp	180.000,00 ; Rp	26.696.380,92 ;
;Pembelian Safira 25Maret'26;;; Rp	875.000,00 ; Rp	25.821.380,92 ;
;Pembelian AgroBoga 11Maret'26;;; Rp	2.200.000,00 ; Rp	23.621.380,92 ;
;Biaya Bank;;; Rp	2.500,00 ; Rp	23.618.880,92 ;
;Uang Operasional Harun 25Maret'26;;; Rp	52.000,00 ; Rp	23.566.880,92 ;
;Uang Lembur Rifai 19Maret'26;;; Rp	200.000,00 ; Rp	23.366.880,92 ;
;Uang Lembur Rifai 25Maret'26;;; Rp	150.000,00 ; Rp	23.216.880,92 ;
;Uang Belanja Hilman 26Maret'26;;; Rp	7.500.000,00 ; Rp	15.716.880,92 ;
26-Mar;Pembelian Tissue Plenty Kitchen Towel@2Pcs 24Pack Tokopedia 26Februari'26;;; Rp	341.560,00 ; Rp	15.375.320,92 ;
;Uang Harian Harun 25Maret'26;;; Rp	150.000,00 ; Rp	15.225.320,92 ;
;Pembelian Mitra Kirim 26Maret'26;;; Rp	365.510,00 ; Rp	14.859.810,92 ;
;Pembelian La Fonte Spaghetti @1Kg 10Pack Shopee 26Maret'26;;; Rp	293.509,00 ; Rp	14.566.301,92 ;
;Pembelian Tissue Livi Kotak@150Lbr 60Pack Shopee 26Maret'26;;; Rp	176.499,00 ; Rp	14.389.802,92 ;
;Pembelian Permesan Block anchor@800Gr 1Pack Shopee 26Maret'26;;; Rp	275.800,00 ; Rp	14.114.002,92 ;
;Pembelian Sunquick Lemon@300Ml 3Btl Shopee 26Maret'26;;; Rp	110.000,00 ; Rp	14.004.002,92 ;
;Pembelian Milac Cooking Cream@1Liter 1Pack Shopee 26Maret'26;;; Rp	89.500,00 ; Rp	13.914.502,92 ;
;Pembelian Diamond Fresh Milk Plain@1Liter 24Pack Shopee 26Maret'26;;; Rp	557.770,00 ; Rp	13.356.732,92 ;
;Pembelian HijrahFood 26Maret'26;;; Rp	1.985.500,00 ; Rp	11.371.232,92 ;
;Disma Operasional Cost Dari Bank Bri;; Rp	60.000.000,00 ;; Rp	71.371.232,92 ;
;Uang Operasional Harun 26Maret'26;;; Rp	50.000,00 ; Rp	71.321.232,92 ;
;Pembelian Sinar Jaya99 26Maret'26;;; Rp	750.000,00 ; Rp	70.571.232,92 ;
;Uang Belanja Hilman 25Maret'26;;; Rp	2.858.000,00 ; Rp	67.713.232,92 ;
;Pembelian Lestari 26Maret'26;;; Rp	2.750.000,00 ; Rp	64.963.232,92 ;
;Pembelian Rich Gold Whipping Cream@1Liter 2Pack Shopee 26Maret'26;;; Rp	127.288,00 ; Rp	64.835.944,92 ;
;Pembelian Delta Adib 26Maret'26;;; Rp	360.000,00 ; Rp	64.475.944,92 ;
;Tagihan Kyo Jatiwaringin 26Januari-1Februari'26;; Rp	4.245.000,00 ;; Rp	68.720.944,92 ;
;Pembelian Mc Chain Sprial Twister Curly Fries@1,8Kg 10Pack Shopee 26Maret'26;;; Rp	1.476.500,00 ; Rp	67.244.444,92 ;
;Pembelian Mitra Kirim 26Maret'26;;; Rp	950.000,00 ; Rp	66.294.444,92 ;
;Uang Belanja Hilman 27Maret'26;;; Rp	14.000.000,00 ; Rp	52.294.444,92 ;
;Uang Harian Harun 26Maret'26;;; Rp	150.000,00 ; Rp	52.144.444,92 ;
27-Mar;Marketing;;; Rp	60.000,00 ; Rp	52.084.444,92 ;
;Marketing;;; Rp	101.000,00 ; Rp	51.983.444,92 ;
;Tagihan Narasa 9-15 Februari'26;; Rp	588.750,00 ;; Rp	52.572.194,92 ;
;Pembelian Sosis Kimbo 25Pcs 10Pack Shopee 27Maret'26;;; Rp	359.000,00 ; Rp	52.213.194,92 ;
;Pembelian Prochiz Premium Cheddar@2kg 2Pack Shopee 27Maret'26;;; Rp	289.000,00 ; Rp	51.924.194,92 ;
;Pembelian Sajiku Tepung Serbaguna@900 Gr 14Pack Shopee 27Maret'26;;; Rp	335.000,00 ; Rp	51.589.194,92 ;
;Pembelian Sajiku Tepung Serbaguna@900 Gr 10Pack Shopee 27Maret'26;;; Rp	283.000,00 ; Rp	51.306.194,92 ;
;Pembelian AA Utom 1-7Maret'26;;; Rp	7.102.000,00 ; Rp	44.204.194,92 ;
;Biaya Bank;;; Rp	2.500,00 ; Rp	44.201.694,92 ;
;Pembelian Tasmi 4 Maret'26;;; Rp	5.250.000,00 ; Rp	38.951.694,92 ;
;Pembelian Suminto 1-5Maret'26;;; Rp	855.000,00 ; Rp	38.096.694,92 ;
;Pembelian Aldi 1-7Maret'26;;; Rp	17.218.750,00 ; Rp	20.877.944,92 ;
;Uang Kembalian Belanja Hilman 19Maret'26;; Rp	1.553.000,00 ;; Rp	22.430.944,92 ;
;Uang Kembalian Belanja Hilman 26Maret'26;; Rp	2.608.000,00 ;; Rp	25.038.944,92 ;
;Uang Belanja Hilman 28Maret'26;;; Rp	4.000.000,00 ; Rp	21.038.944,92 ;
28-Mar;Uang Belanja Hilman 27Maret'26;;; Rp	646.000,00 ; Rp	20.392.944,92 ;
;Pembelian Delta Adib 27Maret'26;;; Rp	252.000,00 ; Rp	20.140.944,92 ;
;Pembelian Delta Adib 28Maret'26;;; Rp	108.000,00 ; Rp	20.032.944,92 ;
;Uang Belanja Hilman 30Maret'26;;; Rp	2.000.000,00 ; Rp	18.032.944,92 ;
29-Mar;Tagihan Kyo Jatiwaringin 2-8Februari'26 & Tagihan Kyo Astha 2-15Februari'26;; Rp	4.418.000,00 ;; Rp	22.450.944,92 ;
30-Mar;Uang Belanja Hilman 30Maret'26;;; Rp	3.000.000,00 ; Rp	19.450.944,92 ;
;Pembelian Mamasuka Mayonaise@1Kg 7 Pack Shopee 30Maret'26;;; Rp	358.600,00 ; Rp	19.092.344,92 ;
;Pembelian Gula Batu Putih @500Gr 11 Pack Shopee 30Maret'26;;; Rp	179.850,00 ; Rp	18.912.494,92 ;
;Pembelian Madu Uray@875Ml 4Btl Shopee 30Maret'26;;; Rp	677.400,00 ; Rp	18.235.094,92 ;
;Pengembalian Dana Refund Sajiku Tepung Serbaguna@900Gr 6Pack Shopee 30Maret'26;; Rp	169.200,00 ;; Rp	18.404.294,92 ;
;Pembelian Delta Adib 30Maret'26;;; Rp	936.000,00 ; Rp	17.468.294,92 ;
;Marketing;;; Rp	59.000,00 ; Rp	17.409.294,92 ;
;Pembelian Mitra Kirim 30Maret'26;;; Rp	770.000,00 ; Rp	16.639.294,92 ;
;Pembelian Mamasuka Mayonaise@1Kg 10 Pack Shopee 30Maret'26;;; Rp	517.000,00 ; Rp	16.122.294,92 ;
;Pembelian Sofian 31Maret'26;;; Rp	502.500,00 ; Rp	15.619.794,92 ;
;Uang Belanja Hilman 31Maret'26;;; Rp	7.500.000,00 ; Rp	8.119.794,92 ;
31-Mar;Pembelian Kertas Thermal 80x80 12Roll Shopee 31Maret'26;;; Rp	167.300,00 ; Rp	7.952.494,92 ;
;Pembelian Sarung Tangan Samrock @50Pcs 8Pack Shopee 31Maret'26;;; Rp	487.220,00 ; Rp	7.465.274,92 ;
;Pembelian Cocoa Nibs@1Kg 4Pack Shopee 31Marer'26;;; Rp	924.000,00 ; Rp	6.541.274,92 ;
;Pembelian Grapeseed Oil Borges@1Liter 5Btl Shopee 31Maret'26;;; Rp	674.428,00 ; Rp	5.866.846,92 ;
;Pembelian Baking Paper Coklat 6Roll Shopee 31Maret'26;;; Rp	92.778,00 ; Rp	5.774.068,92 ;
;Pembelian Delmonte Sauce Sambal Sachet@8Gr Isi 24Pcs 60 Pack Shopee 31Maret'26;;; Rp	398.060,00 ; Rp	5.376.008,92 ;
;Pembelian Lestari 31Maret'26;;; Rp	810.000,00 ; Rp	4.566.008,92 ;
;Pembelian Akena 31Maret'26;;; Rp	344.200,00 ; Rp	4.221.808,92 ;
;Tagihan Narasa 9-15 Maret'26;; Rp	1.028.000,00 ;; Rp	5.249.808,92 ;
;Pembelian Delta Adib 31Maret'26;;; Rp	1.080.000,00 ; Rp	4.169.808,92 ;
;Disma Operasional Cost Dari Bank Bri;; Rp	40.000.000,00 ;; Rp	44.169.808,92 ;
;Pembelian Minyak Vipco @1liter 12Pack Shopee 31Maret'26;;; Rp	282.493,00 ; Rp	43.887.315,92 ;
;Pembelian Mitra Kirim 31Maret'26;;; Rp	1.540.000,00 ; Rp	42.347.315,92 ;
;Marketing;;; Rp	201.000,00 ; Rp	42.146.315,92 ;
;Marketing;;; Rp	101.000,00 ; Rp	42.045.315,92 ;
;Uang Belanja Hilman 1April'26;;; Rp	5.000.000,00 ; Rp	37.045.315,92 ;
;Bunga;; Rp	291,26 ;; Rp	37.045.607,18 ;
;Pajak;;; Rp	58,25 ; Rp	37.045.548,93 ;
;;;;;;
;;;;;;
;Saldo Awal :; Rp	7.587.256,92 ;;;;
;Mutasi Kredit :; Rp	666.906.141,26 ;;;;
;Mutasi Debet :; Rp	637.447.849,25 ;;;;
;Saldo Akhir :; Rp	37.045.548,93 ;;;;


LAPORAN KAS BCA DISMA BULAN APRIL 2026;;;;;;;
;;;;;;;
TGL;KETERANGAN;SALDO AWAL;KAS MASUK;KAS KELUAR;SALDO AKHIR;;
;;;;;;;
;; Rp	37.045.548,93 ;;; Rp	37.045.548,93 ;;
01-Apr;Pengembalian Dana Refund Minyak Vipco@1Liter 12Pack Shopee 31Maret'26;; Rp	282.493,00 ;; Rp	37.328.041,93 ;;
;Pembelian Tissue See-U Hand Towel Brown@20Pack 5Ctn Shopee 1April'26;;; Rp	476.978,00 ; Rp	36.851.063,93 ;;
;Pembelian Delmonte Sauce Sambal Sachet@8Gr Isi 24Pcs 40Pack Shopee 1April'26;;; Rp	272.040,00 ; Rp	36.579.023,93 ;;
;Marketing;;; Rp	100.000,00 ; Rp	36.479.023,93 ;;
;Uang Belanja Hilman 1April'26;;; Rp	403.000,00 ; Rp	36.076.023,93 ;;
;Uang Operasional Rifai 1April'26;;; Rp	52.000,00 ; Rp	36.024.023,93 ;;
;Pembelian Biji Jali@1Kg 2Pack Shopee 1April'26;;; Rp	155.200,00 ; Rp	35.868.823,93 ;;
;Pembelian Delta Adib 1April'26;;; Rp	360.000,00 ; Rp	35.508.823,93 ;;
;Pembelian Sinar Jay99 1 April'26;;; Rp	2.250.000,00 ; Rp	33.258.823,93 ;;
;Marketing;;; Rp	85.000,00 ; Rp	33.173.823,93 ;;
;Uang Kembalian Belanja Hilman 31Maret'26;; Rp	527.000,00 ;; Rp	33.700.823,93 ;;
;Uang Kembalian Belanja Hilman 28Maret'26;; Rp	770.000,00 ;; Rp	34.470.823,93 ;;
;Uang Belanja Hilman 2April'26;;; Rp	5.000.000,00 ; Rp	29.470.823,93 ;;
02-Apr;Pembelian Kentang Aviko Straight Cut@2,5Kg 5Pack Shopee 2April'26;;; Rp	314.500,00 ; Rp	29.156.323,93 ;;
;Pembelian Kentang Aviko Straight Cut@2,5Kg 5Pack Shopee 2April'26;;; Rp	317.950,00 ; Rp	28.838.373,93 ;;
;Pembelian Agro Boga 19Maret'26;;; Rp	2.250.000,00 ; Rp	26.588.373,93 ;;
;Biaya Bank;;; Rp	2.500,00 ; Rp	26.585.873,93 ;;
;Disma Operasional Cost Dari Bank Bri;; Rp	50.000.000,00 ;; Rp	76.585.873,93 ;;
;Pembelian Minyak Vipco@1Kg 10Pack Shopee 2April'26;;; Rp	280.800,00 ; Rp	76.305.073,93 ;;
;Pembelian Salted Egg Yolk Golden Isi 20 Pcs 30Pack Shopee 2April'26;;; Rp	4.428.747,00 ; Rp	71.876.326,93 ;;
;Pembelian Sanremo Macaroni Elbow@500Gr 2Pack Shopee 2April'26;;; Rp	57.300,00 ; Rp	71.819.026,93 ;;
;Pembelian Sagu Tani Cap Pak Tani @500Gr 20 Pack Shopee 2April'26;;; Rp	163.950,00 ; Rp	71.655.076,93 ;;
;Uang Belanja Hilman 2April'26;;; Rp	1.001.000,00 ; Rp	70.654.076,93 ;;
;Jasa Bongkar Pasang Tv Disma 2April'26;;; Rp	175.000,00 ; Rp	70.479.076,93 ;;
;Uang Lembur Rifai 1April'26;;; Rp	50.000,00 ; Rp	70.429.076,93 ;;
;Uang Lembur Pak Ifan 1April'26;;; Rp	50.000,00 ; Rp	70.379.076,93 ;;
;Uang Kouta Internet Rifai Bulan April'26;;; Rp	100.000,00 ; Rp	70.279.076,93 ;;
;Internet Indosat Hifi ;;; Rp	382.950,00 ; Rp	69.896.126,93 ;;
;Pembelian Delta Adib 2April'26;;; Rp	180.000,00 ; Rp	69.716.126,93 ;;
;Tagihan Kyo Jatiwaringin 9-22Februari'26&Tagihan Kyo Astha 23Februari-1Maret'26;; Rp	7.580.000,00 ;; Rp	77.296.126,93 ;;
;Uang Belanja Hilman 3April'26;;; Rp	3.000.000,00 ; Rp	74.296.126,93 ;;
03-Apr;Pembelian Susu Diamond Uht Full Cream@1Liter 24Pack Shopee 3April'26;;; Rp	543.982,00 ; Rp	73.752.144,93 ;;
;Uang Belanja Hilman 3April'26;;; Rp	607.000,00 ; Rp	73.145.144,93 ;;
;Pembelian AA Utom 9-14Maret'26;;; Rp	13.434.000,00 ; Rp	59.711.144,93 ;;
;Biaya Bank;;; Rp	2.500,00 ; Rp	59.708.644,93 ;;
;Pembelian Aldi 7-13Maret'26;;; Rp	12.974.250,00 ; Rp	46.734.394,93 ;;
;Pembelian Suminto 10-11Maret'26;;; Rp	180.000,00 ; Rp	46.554.394,93 ;;
;Kembalian Uang Operasional Rifai 3April'26;; Rp	26.000,00 ;; Rp	46.580.394,93 ;;
;Pembelian Aldi 7-13Maret'26;;; Rp	220.000,00 ; Rp	46.360.394,93 ;;
;Pembelian Lestari 4April'26;;; Rp	1.350.000,00 ; Rp	45.010.394,93 ;;
;Uang Belanja Hilman 4April'26;;; Rp	9.000.000,00 ; Rp	36.010.394,93 ;;
04-Apr;Uang Belanja Bagus 4April'26;;; Rp	800.000,00 ; Rp	35.210.394,93 ;;
;Pembelian Delta Adib 4April'26;;; Rp	270.000,00 ; Rp	34.940.394,93 ;;
;Uang Belanja Hilman 6April'26;;; Rp	1.500.000,00 ; Rp	33.440.394,93 ;;
06-Apr;Pembelian Toko Rafflesia 4April'26;;; Rp	350.000,00 ; Rp	33.090.394,93 ;;
;Pembelian Safira 6April'26;;; Rp	412.500,00 ; Rp	32.677.894,93 ;;
;Pembelian Sarung Tangan Hitam Shamrock@50Pcs 5Pack Shopee 6April'26;;; Rp	338.500,00 ; Rp	32.339.394,93 ;;
;Pembelian Sarung Tangan Hitam Shamrock@50Pcs 8Pack Shopee 6April'26;;; Rp	528.500,00 ; Rp	31.810.894,93 ;;
;Pembelian Struk Thermal 58X48 8Pack Shopee 6April'26;;; Rp	41.200,00 ; Rp	31.769.694,93 ;;
;Pembelian Toko Frozen Alfatih 6aPRIL'26;;; Rp	260.000,00 ; Rp	31.509.694,93 ;;
;Uang Lembur Rifai 4April'26;;; Rp	50.000,00 ; Rp	31.459.694,93 ;;
;Uang Lembur Pak Ifan 4April'26;;; Rp	50.000,00 ; Rp	31.409.694,93 ;;
;Uang Lembur Bagus 5April'26;;; Rp	50.000,00 ; Rp	31.359.694,93 ;;
;Uang harian Dandi 4-6April'26;;; Rp	600.000,00 ; Rp	30.759.694,93 ;;
;Uang Lembur Pak Ifan 5April'26;;; Rp	150.000,00 ; Rp	30.609.694,93 ;;
;Pembelian Delta Adib 6April'26;;; Rp	252.000,00 ; Rp	30.357.694,93 ;;
;Uang Belanja Hilman 6April'26;;; Rp	3.245.000,00 ; Rp	27.112.694,93 ;;
;Pembelian Mamasuka Mayonaise@1Kg 10Pack Shopee 6April'26;;; Rp	501.200,00 ; Rp	26.611.494,93 ;;
;Uang Kasbon Pak Ifan 6April'26 Di Cicil 5x 500,000/Bulan;;; Rp	2.500.000,00 ; Rp	24.111.494,93 ;;
;Uang Belanja Hilman 7April'26;;; Rp	3.700.000,00 ; Rp	20.411.494,93 ;;
07-Apr;Pembelian Mc Chain Sprial Twister Curly Fries@1,8Kg 7Pack Shopee 7April'26;;; Rp	968.000,00 ; Rp	19.443.494,93 ;;
;Pembelian Mc Chain Sprial Twister Curly Fries@1,8Kg 8Pack Shopee 7April'26;;; Rp	1.122.720,00 ; Rp	18.320.774,93 ;;
;Pembelian Hijrahfood 7April'26;;; Rp	1.985.500,00 ; Rp	16.335.274,93 ;;
;Pembelian Struk Thermal 80X80 24Pack Shopee 7April'26;;; Rp	325.700,00 ; Rp	16.009.574,93 ;;
;Uang Belanja Hilman 7April'26;;; Rp	1.363.000,00 ; Rp	14.646.574,93 ;;
;Pembelian Bihun Cap Jempol@1Kg 1Pack Shopee 7April'26;;; Rp	88.500,00 ; Rp	14.558.074,93 ;;
;Uang Operasional PakDani/PakIfan 7April'26;;; Rp	50.000,00 ; Rp	14.508.074,93 ;;
;Pembelian Delta Adib 7April'26;;; Rp	1.080.000,00 ; Rp	13.428.074,93 ;;
;Uang Lembur Rifai 6-7April'26;;; Rp	100.000,00 ; Rp	13.328.074,93 ;;
;Uang Lembur Pak Ifan 7April'26;;; Rp	50.000,00 ; Rp	13.278.074,93 ;;
;Uang Belanja Hilman 8April'26;;; Rp	3.000.000,00 ; Rp	10.278.074,93 ;;
;Pembelian Lestari 8April'26;;; Rp	1.475.000,00 ; Rp	8.803.074,93 ;;
;Tagihan Kyo Jatiwaringin 23Februari-1Maret'26;; Rp	1.015.000,00 ;; Rp	9.818.074,93 ;;
08-Apr;Listrik Kantor;;; Rp	2.272.375,00 ; Rp	7.545.699,93 ;;
;Pembelian Safira 8April'26;;; Rp	815.000,00 ; Rp	6.730.699,93 ;;
;Pembelian Delta Adib 8April'26;;; Rp	828.000,00 ; Rp	5.902.699,93 ;;
;Pembelian Tyj Spring Roll Kulit Lumpia@20Pcs 2Pack Shopee 8April'26;;; Rp	55.460,00 ; Rp	5.847.239,93 ;;
;Pembelian Tissue Plenty Kitchen Towel Rolls@2Pcs 24Pack Shopee 8April'26;;; Rp	308.584,00 ; Rp	5.538.655,93 ;;
;Uang Operasional Rifai 8April'26;;; Rp	22.000,00 ; Rp	5.516.655,93 ;;
;Disma Operasional Cost Dari Bank Bri;; Rp	32.000.000,00 ;; Rp	37.516.655,93 ;;
;Pembelian Biji Jali@1Kg 1Pack Shopee 8April'26;;; Rp	87.000,00 ; Rp	37.429.655,93 ;;
;Pembelian Susu Kental Manis Coklat Cap Enak@370Gr 48Can Shopee 8April'26;;; Rp	658.300,00 ; Rp	36.771.355,93 ;;
;Uang Belanja Bagus 8April'26;;; Rp	300.000,00 ; Rp	36.471.355,93 ;;
;Uang Belanja Hilman 8April'26;;; Rp	19.000,00 ; Rp	36.452.355,93 ;;
;Uang Belanja Hilman 9April'26;;; Rp	7.000.000,00 ; Rp	29.452.355,93 ;;
09-Apr;Uang Operasional Rifai 9April'26;;; Rp	52.000,00 ; Rp	29.400.355,93 ;;
;Marketing;;; Rp	52.800,00 ; Rp	29.347.555,93 ;;
;Pembelian Safira 9April'26;;; Rp	385.000,00 ; Rp	28.962.555,93 ;;
;Telkomsel Pak Damar April'26;;; Rp	255.176,00 ; Rp	28.707.379,93 ;;
;Pembelian Sagu Tanu Liauw Liong Pit@1Kg 10Pack Shopee 9April'26;;; Rp	321.700,00 ; Rp	28.385.679,93 ;;
;Marketing;;; Rp	45.000,00 ; Rp	28.340.679,93 ;;
;Uang Belanja Hilman 10April'26;;; Rp	3.000.000,00 ; Rp	25.340.679,93 ;;
;Uang Harian Dandi 8-9April'26;;; Rp	400.000,00 ; Rp	24.940.679,93 ;;
;Uang Lembur Pak Ifan 9Apr'2026;;; Rp	50.000,00 ; Rp	24.890.679,93 ;;
;Marketing;;; Rp	80.000,00 ; Rp	24.810.679,93 ;;
;Biaya Bank;;; Rp	2.500,00 ; Rp	24.808.179,93 ;;
;Marketing;;; Rp	50.000,00 ; Rp	24.758.179,93 ;;
10-Apr;Tagihan Daily Bread Tebet 2-8Maret'26;; Rp	485.500,00 ;; Rp	25.243.679,93 ;;
;Tagihan Daily Bread Tebet 23-29Maret'26;; Rp	552.500,00 ;; Rp	25.796.179,93 ;;
;Tagihan Aldi 16-17Maret'26;;; Rp	1.504.750,00 ; Rp	24.291.429,93 ;;
;Tagihan AA Utom 17-20Maret'26;;; Rp	4.784.000,00 ; Rp	19.507.429,93 ;;
;Biaya Bank;;; Rp	2.500,00 ; Rp	19.504.929,93 ;;
;Pembelian Delta Adib 10April'26;;; Rp	882.000,00 ; Rp	18.622.929,93 ;;
;Marketing;;; Rp	74.800,00 ; Rp	18.548.129,93 ;;
;Uang Operasional PakDani/PakIfan 10April'26;;; Rp	152.000,00 ; Rp	18.396.129,93 ;;
;Pembelian Maraschino Frutaneira Cherry@4,5Kg 1Jar Shopee 10April'26;;; Rp	449.500,00 ; Rp	17.946.629,93 ;;
;Marketing;;; Rp	101.000,00 ; Rp	17.845.629,93 ;;
;Uang Belanja Hilman 11April'26;;; Rp	6.000.000,00 ; Rp	11.845.629,93 ;;
;Pembelian Lestari 11April'26;;; Rp	910.000,00 ; Rp	10.935.629,93 ;;
11-Apr;Pembelian Safira 11April'26;;; Rp	380.000,00 ; Rp	10.555.629,93 ;;
;Pembelian Delta Adib 11April'26;;; Rp	738.000,00 ; Rp	9.817.629,93 ;;
;Uang Belanja Hilman 13April'26;;; Rp	3.000.000,00 ; Rp	6.817.629,93 ;;
;Disma Operasional Cost Dari Bank Bri;; Rp	33.000.000,00 ;; Rp	39.817.629,93 ;;
13-Apr;Pembelian Kecap Manis Cap Anggur @6Liter 2Jrg Shopee 13April'26;;; Rp	361.048,00 ; Rp	39.456.581,93 ;;
;Pembelian Minyak Vipco@1Kg 12Pack Shopee 13April'26;;; Rp	280.199,00 ; Rp	39.176.382,93 ;;
;Pembelian Milac Gold Cooking Cream@1Liter 2Pack Shopee 13April'26;;; Rp	156.120,00 ; Rp	39.020.262,93 ;;
;Pembelian Monin Syrup Hazelnut@700ML 1Btl  1Btl Shopee 13April'26;;; Rp	151.660,00 ; Rp	38.868.602,93 ;;
;Uang Belanja Hilman 13April'26;;; Rp	4.978.000,00 ; Rp	33.890.602,93 ;;
;Pembelian Delta Adib 13April'26;;; Rp	828.000,00 ; Rp	33.062.602,93 ;;
;Pengembalian Dana Refund Minyak Vipco@1Liter 12Pack Shopee 13April'26;; Rp	280.199,00 ;; Rp	33.342.801,93 ;;
;Pembelian Lafonte Spaghetti@1Kg 10Pack Shopee 13April'26;;; Rp	312.700,00 ; Rp	33.030.101,93 ;;
;Pembelian Sunlight@4,5Liter 5Jrg Tokopedia 13April'26;;; Rp	514.150,00 ; Rp	32.515.951,93 ;;
;Pembelian Cireng Brecxelle Isi 20Pcs 20Pack Shopee 13April'26;;; Rp	311.800,00 ; Rp	32.204.151,93 ;;
;Pembelian Bernardi Corned Beef@290Gr 10Can Shopee 13April'26;;; Rp	563.000,00 ; Rp	31.641.151,93 ;;
;Pembelian Grapeseed Oil Borges@1Liter 5Btl Shopee 13April'26;;; Rp	688.000,00 ; Rp	30.953.151,93 ;;
;Pembelian Heinz Cuka Putih@473Ml 3Btl Shopee 13April'26;;; Rp	111.375,00 ; Rp	30.841.776,93 ;;
;Pembelian Sirup Sakura Dripp@760Ml 1Btl Shopee 13April'26;;; Rp	117.700,00 ; Rp	30.724.076,93 ;;
;Pembelian Sosis Kimbo Isi 25Pcs Shopee 13April'26;;; Rp	345.050,00 ; Rp	30.379.026,93 ;;
;Pembelian Lestari 13April'26;;; Rp	1.980.000,00 ; Rp	28.399.026,93 ;;
;Pembelian Struk Thermal 58X48 8Pack Shopee 13April'26;;; Rp	41.200,00 ; Rp	28.357.826,93 ;;
;Pembelian Minyak Vipco@1Kg 12Pack Shopee 13April'26;;; Rp	281.595,00 ; Rp	28.076.231,93 ;;
;Pembelian Struk Thermal 80X80 15Pack Shopee 13April'26;;; Rp	229.000,00 ; Rp	27.847.231,93 ;;
;Uang Lembur Pak Ifan 10&13April'26;;; Rp	100.000,00 ; Rp	27.747.231,93 ;;
;Uang Belanja Hilman 14April'26;;; Rp	11.000.000,00 ; Rp	16.747.231,93 ;;
;Pembelian Beef Bacon@1Kg 1Pack Shopee 13April'26;;; Rp	337.500,00 ; Rp	16.409.731,93 ;;
;Pembelian Apron Pesto Sauce@250Ml 1Btl Shopee 13April'26;;; Rp	78.860,00 ; Rp	16.330.871,93 ;;
;Pembelian House Neri Wasabi Pasta@43Gr 1Pack Shopee 13April'26;;; Rp	54.400,00 ; Rp	16.276.471,93 ;;
14-Apr;Marketing;;; Rp	50.000,00 ; Rp	16.226.471,93 ;;
;Pembelian Milac Gold Cooking Cream@1Liter 2Pack Shopee 14April'26;;; Rp	159.200,00 ; Rp	16.067.271,93 ;;
;Tagihan Daily Bread Epicentrum 2-8Maret'26;; Rp	779.550,00 ;; Rp	16.846.821,93 ;;
;Uang Belanja Hilman 14April'26;;; Rp	874.000,00 ; Rp	15.972.821,93 ;;
;Pembelian Delta Adib 14April'26;;; Rp	576.000,00 ; Rp	15.396.821,93 ;;
;Pembelian Safira 14April'26;;; Rp	427.500,00 ; Rp	14.969.321,93 ;;
;Uang Operasional PakDandi/PakIfan 14April'26;;; Rp	100.000,00 ; Rp	14.869.321,93 ;;
;Pembelian Cireng Brecxelle Isi 20Pcs 20Pack Shopee 14April'26;;; Rp	295.410,00 ; Rp	14.573.911,93 ;;
;Uang Harian Dandi 13-14April'26;;; Rp	400.000,00 ; Rp	14.173.911,93 ;;
;Uang Belanja Hilman 15April'26;;; Rp	7.000.000,00 ; Rp	7.173.911,93 ;;
15-Apr;Tagihan Kyo Jatiwaringin 2-8Maret'26;; Rp	4.699.000,00 ;; Rp	11.872.911,93 ;;
;Kembalian Uang Belanja Hilman 4April'26;; Rp	86.000,00 ;; Rp	11.958.911,93 ;;
;Kembalian Uang Belanja Hilman 9April'26;; Rp	178.000,00 ;; Rp	12.136.911,93 ;;
;Kembalian Uang Belanja Hilman 10April'26;; Rp	455.000,00 ;; Rp	12.591.911,93 ;;
;Pembelian Hijrahfood 15April'26;;; Rp	1.985.500,00 ; Rp	10.606.411,93 ;;
;Pembelian Kertas HVS A4 3Dus & Pulpen 1Pack TokoMajuBersama 15April'26;;; Rp	651.000,00 ; Rp	9.955.411,93 ;;
;Pembelian Safira 15April'26;;; Rp	822.500,00 ; Rp	9.132.911,93 ;;
;Pembelian Delta Adib 15April'26;;; Rp	468.000,00 ; Rp	8.664.911,93 ;;
;Pembelian Struk Thermal 80X80 12Pack Shopee 15April'26;;; Rp	167.300,00 ; Rp	8.497.611,93 ;;
;Uang Operasional PakDandi/PakIfan 15April'26;;; Rp	25.000,00 ; Rp	8.472.611,93 ;;
;Uang Lembur Rifai 14April'26;;; Rp	50.000,00 ; Rp	8.422.611,93 ;;
;Uang Lembur Pak Ifan 14April'26;;; Rp	50.000,00 ; Rp	8.372.611,93 ;;
;Uang Harian Dandi 15April'26;;; Rp	200.000,00 ; Rp	8.172.611,93 ;;
;Uang Belanja Hilman 16April'26;;; Rp	5.000.000,00 ; Rp	3.172.611,93 ;;
16-Apr;Pembelian Mc Chain Sprial Twister Curly Fries@1,8Kg 7Pack Shopee 16April'26;;; Rp	968.000,00 ; Rp	2.204.611,93 ;;
;Pembelian Mc Chain Sprial Twister Curly Fries@1,8Kg 8Pack Shopee 16April'26;;; Rp	1.122.720,00 ; Rp	1.081.891,93 ;;
;Pembelian Minyak Kunci Mas Bib@18Liter 1Ctn Shopee 16April'26;;; Rp	393.820,00 ; Rp	688.071,93 ;;
;Pembelian Minyak Kunci Mas Bib@18Liter 1Ctn Shopee 16April'26;;; Rp	398.200,00 ; Rp	289.871,93 ;;
;Disma Operasional Cost Dari Bank Bri;; Rp	44.000.000,00 ;; Rp	44.289.871,93 ;;
;Tagihan Daily Bread Epicentrum 9-15Maret'26;; Rp	812.070,00 ;; Rp	45.101.941,93 ;;
;Pembelian Delta Adib 16April'26;;; Rp	198.000,00 ; Rp	44.903.941,93 ;;
;Uang Belanja Bagus 16April'26;;; Rp	500.000,00 ; Rp	44.403.941,93 ;;
;Uang Belanja Hilman 17April'26;;; Rp	3.000.000,00 ; Rp	41.403.941,93 ;;
17-Apr;Tagihan Daily Bread Tebet 9-15Maret'26;; Rp	492.250,00 ;; Rp	41.896.191,93 ;;
;Uang Operasional Rifai 17April'26;;; Rp	52.000,00 ; Rp	41.844.191,93 ;;
;Pembuatan Sim A & Sim C Hilman 17April'26;;; Rp	1.000.000,00 ; Rp	40.844.191,93 ;;
;Biaya Bank;;; Rp	2.500,00 ; Rp	40.841.691,93 ;;
;Pembelian Agro Boga 3April26;;; Rp	2.300.000,00 ; Rp	38.541.691,93 ;;
;Biaya Bank;;; Rp	2.500,00 ; Rp	38.539.191,93 ;;
;Pembelian AA Utom 25-30Maret'26;;; Rp	10.914.000,00 ; Rp	27.625.191,93 ;;
;Biaya Bank;;; Rp	2.500,00 ; Rp	27.622.691,93 ;;
;Pembelian Aldi 27-31Maret'26;;; Rp	1.780.400,00 ; Rp	25.842.291,93 ;;
;Pembelian Safira 17April'26;;; Rp	822.500,00 ; Rp	25.019.791,93 ;;
;Pembelian Delta Adib 17April'26;;; Rp	648.000,00 ; Rp	24.371.791,93 ;;
;Uang Harian Dandi 17April'26;;; Rp	200.000,00 ; Rp	24.171.791,93 ;;
;Uang Lembur Rifai 17April'26;;; Rp	50.000,00 ; Rp	24.121.791,93 ;;
;Marketing;;; Rp	130.000,00 ; Rp	23.991.791,93 ;;
;Uang Belanja Hilman 18April'26;;; Rp	4.000.000,00 ; Rp	19.991.791,93 ;;
;Biaya Adm;;; Rp	20.000,00 ; Rp	19.971.791,93 ;;
18-Apr;Uang Kasbon Sandi Gaji Bulan April'26;;; Rp	1.000.000,00 ; Rp	18.971.791,93 ;;
;Pembelian Sagu Tani Cap Pak Tani @500Gr 20 Pack Shopee 18April'26;;; Rp	172.199,00 ; Rp	18.799.592,93 ;;
;Pembelian SendoK Kayu 16Cm Isi 50Pcs 2Pack Shopee 18April'26;;; Rp	45.500,00 ; Rp	18.754.092,93 ;;
;Uang Belanja Hilman 18April'26;;; Rp	1.283.000,00 ; Rp	17.471.092,93 ;;
;Pembelian Delta Adib 18April'26;;; Rp	396.000,00 ; Rp	17.075.092,93 ;;
;Pembelian Safira 18April'26;;; Rp	395.000,00 ; Rp	16.680.092,93 ;;
;Uang Belanja Hilman 19April'26;;; Rp	2.000.000,00 ; Rp	14.680.092,93 ;;
;Uang Belanja Hilman 20April'26;;; Rp	1.000.000,00 ; Rp	13.680.092,93 ;;
20-Apr;Uang Belanja Hilman 20April'26;;; Rp	3.000.000,00 ; Rp	10.680.092,93 ;;
;Uang Belanja Hilman 17April'26;;; Rp	976.000,00 ; Rp	9.704.092,93 ;;
;Pembelian Mamasuka Mayonaise@1Kg 10Pack Shopee 20April'26;;; Rp	517.000,00 ; Rp	9.187.092,93 ;;
;Pembelian Tahu Walik Isi 10Pcs 15Pack Shopee 20April'26;;; Rp	238.125,00 ; Rp	8.948.967,93 ;;
;Pembelian Tissue Plenty Kitchen Towel Rolls@2Pcs 24Pack Shopee 20April'26;;; Rp	308.584,00 ; Rp	8.640.383,93 ;;
;Pembelian Milac Gold Cooking Cream@1Liter 2Pack Shopee 20April'26;;; Rp	159.200,00 ; Rp	8.481.183,93 ;;
;Pembelian Sanremo Elbow@500Gr 7Pack&Sanremo Fettucini@500Gr 8Pack Shopee 20April'26;;; Rp	326.460,00 ; Rp	8.154.723,93 ;;
;Pembelian Mamasuka Mayonaise@1Kg 10Pack Shopee 20April'26;;; Rp	517.000,00 ; Rp	7.637.723,93 ;;
;Pembelian Sprok Spoon Gase Kayu Isi 100Pcs 1Pack Shopee 20April'26;;; Rp	38.596,00 ; Rp	7.599.127,93 ;;
;Uang Belanja Bagus 20April'26;;; Rp	300.000,00 ; Rp	7.299.127,93 ;;
;Pembelian Condy Lemon Concentrate@200Ml 3Btl Shopee 20April'26;;; Rp	89.400,00 ; Rp	7.209.727,93 ;;
;Uang Operasional Rifai 20April'26;;; Rp	22.000,00 ; Rp	7.187.727,93 ;;
;Pembelian Cocacola Original@250Ml 1Ctn 7& A&W Soda Sarsapila@250Ml 1Ctn Shopee 20April'26;;; Rp	272.900,00 ; Rp	6.914.827,93 ;;
;Pembelian Vanila Bean Steak@50Gr 1 Pack Shopee 20April'26;;; Rp	153.750,00 ; Rp	6.761.077,93 ;;
;Pembelian Tissue Bathroom@100Roll 4Ctn Shopee 20April'26;;; Rp	712.084,00 ; Rp	6.048.993,93 ;;
;Pembelian Toko Rafflesia 20April'26;;; Rp	350.000,00 ; Rp	5.698.993,93 ;;
;Uang Harian Dandi 18April'26;;; Rp	200.000,00 ; Rp	5.498.993,93 ;;
;Pembelian Delta Adib 20April'26;;; Rp	324.000,00 ; Rp	5.174.993,93 ;;
;Pembelian Lestari 21April'26;;; Rp	940.000,00 ; Rp	4.234.993,93 ;;
;Pembelian Kimchi/Acar SAWI@1Kg 3Pack Shopee 20April'26;;; Rp	216.500,00 ; Rp	4.018.493,93 ;;
;Pembelian Sofian 21April'26;;; Rp	472.500,00 ; Rp	3.545.993,93 ;;
;Pembelian Lestari 21April'26;;; Rp	950.000,00 ; Rp	2.595.993,93 ;;
;Disma Operasional Cost Dari Bank Bri;; Rp	41.000.000,00 ;; Rp	43.595.993,93 ;;
;Uang Belanja Hilman 21April'26;;; Rp	5.000.000,00 ; Rp	38.595.993,93 ;;
21-Apr;Pembelian Agro Boga 7April26;;; Rp	1.610.000,00 ; Rp	36.985.993,93 ;;
;Biaya Bank;;; Rp	2.500,00 ; Rp	36.983.493,93 ;;
;Pembelian Mitra Kirim 21April'26;;; Rp	475.000,00 ; Rp	36.508.493,93 ;;
;Kembalian Uang Belanja Hilman 15April'26;; Rp	869.000,00 ;; Rp	37.377.493,93 ;;
;Kembalian Uang Belanja Hilman 16April'26;; Rp	611.000,00 ;; Rp	37.988.493,93 ;;
;Kembalian Uang Belanja Hilman 19April'26;; Rp	441.000,00 ;; Rp	38.429.493,93 ;;
;Uang Operasional Rifai 20April'26;;; Rp	50.000,00 ; Rp	38.379.493,93 ;;
;Uang Lembur Pak Ifan 20April'26;;; Rp	50.000,00 ; Rp	38.329.493,93 ;;
;Uang Lembur Bagus 19April'26;;; Rp	50.000,00 ; Rp	38.279.493,93 ;;
;Pembelian Sarung Tangan Hitam Shamrock@50Pcs 7Pack Shopee 21April'26;;; Rp	418.850,00 ; Rp	37.860.643,93 ;;
;Pembelian Delta Adib 21April'26;;; Rp	540.000,00 ; Rp	37.320.643,93 ;;
;Uang Belanja Bagus 21April'26;;; Rp	300.000,00 ; Rp	37.020.643,93 ;;
;Pembelian Bakso Urat Isi 50Pcs 3Pack Shopee 21April'26;;; Rp	252.900,00 ; Rp	36.767.743,93 ;;
;Pembelian Racun Tikus 5Pack Tokopedia 21April'26 (Buat Kantor);;; Rp	235.095,00 ; Rp	36.532.648,93 ;;
;Pembelian Kentang Aviko Shoestring@2,5Kg 5Pack Shopee 21April'26;;; Rp	328.000,00 ; Rp	36.204.648,93 ;;
;Pembelian Kentang Aviko Shoestring@2,5Kg 5Pack Shopee 21April'26;;; Rp	335.200,00 ; Rp	35.869.448,93 ;;
;Kembalian Uang Belanja Bagus 21April'26;; Rp	43.000,00 ;; Rp	35.912.448,93 ;;
;Kembalian Uang Belanja Bagus 21April'26;; Rp	7.000,00 ;; Rp	35.919.448,93 ;;
;Uang Belanja Hilman 22April'26;;; Rp	3.000.000,00 ; Rp	32.919.448,93 ;;
;Kembalian Uang Operasional Rifai 21April'26;; Rp	50.000,00 ;; Rp	32.969.448,93 ;;
22-Apr;Pembelian Sprok Spoon Gase Kayu Isi 100Pcs 1Pack Shopee 22April'26;;; Rp	38.840,00 ; Rp	32.930.608,93 ;;
;Pembelian Safira 22April'26;;; Rp	780.000,00 ; Rp	32.150.608,93 ;;
;Pembelian Delta Adib 22April'26;;; Rp	432.000,00 ; Rp	31.718.608,93 ;;
;Marketing;;; Rp	50.000,00 ; Rp	31.668.608,93 ;;
;Pembelian Tahu Walik Isi 10Pcs 15Pack Shopee 22April'26;;; Rp	243.000,00 ; Rp	31.425.608,93 ;;
;Uang Belanja Bagus 22April'26;;; Rp	225.000,00 ; Rp	31.200.608,93 ;;
;Uang Belanja Hilman 23April'26;;; Rp	3.000.000,00 ; Rp	28.200.608,93 ;;
;Uang Belanja Hilman 23April'26;;; Rp	2.000.000,00 ; Rp	26.200.608,93 ;;
23-Apr;Pembelian Delta Adib 23April'26;;; Rp	666.000,00 ; Rp	25.534.608,93 ;;
;Pembelian Kentang Aviko Shoestring@2,5Kg 5Pack Shopee 23April'26;;; Rp	328.000,00 ; Rp	25.206.608,93 ;;
;Pembelian Kentang Aviko Shoestring@2,5Kg 5Pack Shopee 23April'26;;; Rp	328.000,00 ; Rp	24.878.608,93 ;;
;Uang Belanja Pak Ifan 23April'26;;; Rp	198.000,00 ; Rp	24.680.608,93 ;;
;Uang Lembur Rifai 21 & 23April'26;;; Rp	100.000,00 ; Rp	24.580.608,93 ;;
;Uang Belanja Hilman 24April'26;;; Rp	3.000.000,00 ; Rp	21.580.608,93 ;;
;Marketing;;; Rp	100.000,00 ; Rp	21.480.608,93 ;;
;Biaya Bank;;; Rp	2.500,00 ; Rp	21.478.108,93 ;;
;Pembelian Lestari 24April'26;;; Rp	1.180.000,00 ; Rp	20.298.108,93 ;;
24-Apr;Pembelian Delta Adib 24April'26;;; Rp	900.000,00 ; Rp	19.398.108,93 ;;
;Uang Operasional Rifai 24April'26;;; Rp	102.000,00 ; Rp	19.296.108,93 ;;
;Pembelian Tisu Livi Evo Premium 8Pack Shopee 24April'26;;; Rp	94.200,00 ; Rp	19.201.908,93 ;;
;Pembelian Tahu Walik Isi 10Pcs 15Pack Shopee 24April'26;;; Rp	243.000,00 ; Rp	18.958.908,93 ;;
;Pembelian Kabel Ties 5 Pack Shopee 24April'26;;; Rp	32.253,00 ; Rp	18.926.655,93 ;;
;Disma Operasional Cost Dari Bank Bri;; Rp	110.000.000,00 ;; Rp	128.926.655,93 ;;
;Pembelian Tasmi 30-31Maret'26;;; Rp	27.960.000,00 ; Rp	100.966.655,93 ;;
;Pembelian Tasmi 1-4April'26;;; Rp	55.820.000,00 ; Rp	45.146.655,93 ;;
;Pembelian Mc Chain Sprial Twister Curly Fries@1,8Kg 8Pack Shopee 24April'26;;; Rp	1.217.200,00 ; Rp	43.929.455,93 ;;
;Pembelian Mc Chain Sprial Twister Curly Fries@1,8Kg 7Pack Shopee 24April'26;;; Rp	1.083.500,00 ; Rp	42.845.955,93 ;;
;Pembelian Aldi 1-4April'26;;; Rp	1.708.500,00 ; Rp	41.137.455,93 ;;
;Pembelian Suminto 1April'26;;; Rp	595.000,00 ; Rp	40.542.455,93 ;;
;Pembelian AA Utom 3April'26;;; Rp	4.071.000,00 ; Rp	36.471.455,93 ;;
;Biaya Bank;;; Rp	2.500,00 ; Rp	36.468.955,93 ;;
;Pembelian Mitra Kirim 24April'26;;; Rp	432.000,00 ; Rp	36.036.955,93 ;;
;Uang Belanja Bagus 24April'26;;; Rp	300.000,00 ; Rp	35.736.955,93 ;;
;Uang Belanja Hilman 25April'26;;; Rp	2.500.000,00 ; Rp	33.236.955,93 ;;
25-Apr;Uang Belanja Hilman 25April'26;;; Rp	341.000,00 ; Rp	32.895.955,93 ;;
;Pembelian Safira 25April'26;;; Rp	385.000,00 ; Rp	32.510.955,93 ;;
;Uang Operasional Pak Ifan 25April'26;;; Rp	25.000,00 ; Rp	32.485.955,93 ;;
;Uang Belanja Hilman 27April'26;;; Rp	1.000.000,00 ; Rp	31.485.955,93 ;;
27-Apr;Pembelian Tahu Walik Isi 10Pcs 20Pack Shopee 27April'26;;; Rp	308.000,00 ; Rp	31.177.955,93 ;;
;Pembelian Mamasuka Mayonaise@1Kg 10Pack Shopee 27April'26;;; Rp	517.000,00 ; Rp	30.660.955,93 ;;
;Pembelian Madu Uray@875Ml 4Btl Shopee 27April'26;;; Rp	670.000,00 ; Rp	29.990.955,93 ;;
;Pembelian Sagu Tanu Liauw Liong Pit@1Kg 10Pack Shopee 27April'26;;; Rp	332.290,00 ; Rp	29.658.665,93 ;;
;Pembelian Bakso Urat Isi 50Pcs 4Pack Shopee 27April'26;;; Rp	316.220,00 ; Rp	29.342.445,93 ;;
;Pembelian Jagung Ayam Brand@425Gr 3 Can&Kacang Polong Ayam Brand@425Gr3Can Shopee 27April'26;;; Rp	156.025,00 ; Rp	29.186.420,93 ;;
;Pembelian Alfatih Frozen 27April'26;;; Rp	498.000,00 ; Rp	28.688.420,93 ;;
;Pembelian Tuna Ayam Brand@170Gr 3Can Shopee 27April'26;;; Rp	120.452,00 ; Rp	28.567.968,93 ;;
;Tagihan Kyo Jatiwaringin 9-15Maret'26 &Tagihan Kyo Jatiwaringin 23-29Maret'26;; Rp	8.147.000,00 ;; Rp	36.714.968,93 ;;
;Pembelian Alfatih Frozen 27April'26;;; Rp	55.000,00 ; Rp	36.659.968,93 ;;
;Marketing;;; Rp	44.000,00 ; Rp	36.615.968,93 ;;
;Pembelian Struk Thermal 58X48 16Pack Shopee 27April'26;;; Rp	69.280,00 ; Rp	36.546.688,93 ;;
;Pembelian Struk Thermal 80X80 12Pack Shopee 27April'26;;; Rp	167.300,00 ; Rp	36.379.388,93 ;;
;Pembelian Delta Adib 27April'26;;; Rp	738.000,00 ; Rp	35.641.388,93 ;;
;Uang Operasional Pak Ifan 27April'26;;; Rp	100.000,00 ; Rp	35.541.388,93 ;;
;Uang Operasional Rifai 27April'26;;; Rp	24.000,00 ; Rp	35.517.388,93 ;;
;Uang Belanja Hilman 27April'26;;; Rp	140.000,00 ; Rp	35.377.388,93 ;;
;Uang Belanja Hilman 27April'26;;; Rp	5.000.000,00 ; Rp	30.377.388,93 ;;
;Pembelian Lampu Gudang 27April'26;;; Rp	190.400,00 ; Rp	30.186.988,93 ;;
;Uang Belanja Hilman 28April'26;;; Rp	4.000.000,00 ; Rp	26.186.988,93 ;;
28-Apr;Uang Operasional Rifai 28April'26;;; Rp	52.000,00 ; Rp	26.134.988,93 ;;
;Pembelian Agro Boga 14April26;;; Rp	1.645.000,00 ; Rp	24.489.988,93 ;;
;Biaya Bank;;; Rp	2.500,00 ; Rp	24.487.488,93 ;;
;Pembelian Delta Adib 28April'26;;; Rp	396.000,00 ; Rp	24.091.488,93 ;;
;Pembelian Sabun Pembersih Kaca@5Ltr 1Jrg Shopee 28April'26;;; Rp	47.379,00 ; Rp	24.044.109,93 ;;
;Pembelian Tahu Walik Isi 10Pcs 10Pack Shopee 28April'26;;; Rp	167.200,00 ; Rp	23.876.909,93 ;;
;Pembelian Madu Uray@875Ml 4Btl Shopee 28April'26;;; Rp	684.800,00 ; Rp	23.192.109,93 ;;
;Pembelian Heinz Cuka Putih@473Ml 4Btl Shopee 28April'26;;; Rp	161.160,00 ; Rp	23.030.949,93 ;;
;Ongkir Lalamove Kiat 28April'26;;; Rp	251.000,00 ; Rp	22.779.949,93 ;;
;Pembelian Hijrahfood 28April'26;;; Rp	1.985.500,00 ; Rp	20.794.449,93 ;;
;Pembelian Nescafe Classic@200Gr 4Jar Shopee 28April'26;;; Rp	432.715,00 ; Rp	20.361.734,93 ;;
;Uang Belanja Bagus 28April'26;;; Rp	500.000,00 ; Rp	19.861.734,93 ;;
;Pembelian Lestari 28April'26;;; Rp	1.595.000,00 ; Rp	18.266.734,93 ;;
;Uang Belanja Hilman 28April'26;;; Rp	283.000,00 ; Rp	17.983.734,93 ;;
;Uang Lembur Rifai 24&27April'26;;; Rp	100.000,00 ; Rp	17.883.734,93 ;;
;Uang Lembur Bagus 26April'26;;; Rp	50.000,00 ; Rp	17.833.734,93 ;;
;Uang Lembur Sandi 28April'26;;; Rp	50.000,00 ; Rp	17.783.734,93 ;;
;Uang Belanja Hilman 29April'26;;; Rp	7.000.000,00 ; Rp	10.783.734,93 ;;
;Marketing;;; Rp	275.000,00 ; Rp	10.508.734,93 ;;
29-Apr;Uang Harian Bagja 28April'26;;; Rp	100.000,00 ; Rp	10.408.734,93 ;;
;Pembelian Kertas Countinuos Form 4Dus 29April'26;;; Rp	660.000,00 ; Rp	9.748.734,93 ;;
;Grand Opening Shots Coffee;;; Rp	700.000,00 ; Rp	9.048.734,93 ;;
;Pembelian Kentang Aviko Shoestring@2,5Kg 7Pack Shopee 29April'26;;; Rp	442.480,00 ; Rp	8.606.254,93 ;;
;Pembelian Kentang Aviko Shoestring@2,5Kg 8Pack Shopee 29April'26;;; Rp	522.400,00 ; Rp	8.083.854,93 ;;
;Pembelian Safira 29April'26;;; Rp	770.000,00 ; Rp	7.313.854,93 ;;
;Pembelian Delta Adib 29April'26;;; Rp	180.000,00 ; Rp	7.133.854,93 ;;
;Uang Belanja Hilman 29April'26;;; Rp	514.000,00 ; Rp	6.619.854,93 ;;
;Kembalian Uang Belanja Hilman 20April'26;; Rp	105.000,00 ;; Rp	6.724.854,93 ;;
;Kembalian Uang Belanja Hilman 21April'26;; Rp	98.000,00 ;; Rp	6.822.854,93 ;;
;Kembalian Uang Belanja Hilman 22April'26;; Rp	219.000,00 ;; Rp	7.041.854,93 ;;
;Pembelian Jagung Ayam Brand@425Gr 3Can Shopee 29April'26;;; Rp	67.410,00 ; Rp	6.974.444,93 ;;
;Pembelian Minyak Kelapa Kara@1Liter 1Pack Shopee 29April'26;;; Rp	57.200,00 ; Rp	6.917.244,93 ;;
;Uang Belanja Bagus 29April'26;;; Rp	1.000.000,00 ; Rp	5.917.244,93 ;;
;Disma Operasional Cost Dari Bank Bri;; Rp	50.000.000,00 ;; Rp	55.917.244,93 ;;
;Pembelian Jhon Farmer Selai Kacang@1Kg 1Pack Shopee 29April'26;;; Rp	69.500,00 ; Rp	55.847.744,93 ;;
;Pembelian Parsley Jays@20Gr 2Pack  Shopee 29April'26;;; Rp	51.500,00 ; Rp	55.796.244,93 ;;
;Pembelian Belibis Sauce Cabai Refil@1Kg 2Pack &Belibis Sauce Tomat@1Kg 2Pack Shopee 29April'26;;; Rp	119.650,00 ; Rp	55.676.594,93 ;;
;Pembelian Tahu Walik Isi 10Pcs 15Pack Shopee 29April'26;;; Rp	240.500,00 ; Rp	55.436.094,93 ;;
;Pembelian Alfatih Frozen 29April'26;;; Rp	387.000,00 ; Rp	55.049.094,93 ;;
;Pembelian Salted Egg Yolk Golden Isi 20 Pcs 30Pack Shopee 30April'26;;; Rp	4.491.200,00 ; Rp	50.557.894,93 ;;
;Pembelian Cireng Brecxelle Isi 20Pcs 20Pack Shopee 29April'26;;; Rp	311.008,00 ; Rp	50.246.886,93 ;;
;Uang Belanja Hilman 30April'26;;; Rp	2.500.000,00 ; Rp	47.746.886,93 ;;
;Uang Harian Bagja 29April'26;;; Rp	100.000,00 ; Rp	47.646.886,93 ;;
;Uang Lembur Rifai 28April'26;;; Rp	50.000,00 ; Rp	47.596.886,93 ;;
;Uang Lembur Rifai 29April'26;;; Rp	50.000,00 ; Rp	47.546.886,93 ;;
;Uang Lembur Bagus 28April'26;;; Rp	50.000,00 ; Rp	47.496.886,93 ;;
30-Apr;Ongkir Lalamove Kiat 29April'26;;; Rp	235.000,00 ; Rp	47.261.886,93 ;;
;Pembelian Lobak Radis Chinios@340Gr 2Can Shopee 30April'26;;; Rp	55.000,00 ; Rp	47.206.886,93 ;;
;Tagihan Narasa 16-22Maret'26;; Rp	1.445.550,00 ;; Rp	48.652.436,93 ;;
;Pembelian Safira 30April'26;;; Rp	380.000,00 ; Rp	48.272.436,93 ;;
;Pembelian Delta Adib 30April'26;;; Rp	252.000,00 ; Rp	48.020.436,93 ;;
;Service Besar Mobil Grandmax Tco 30April'26;;; Rp	4.473.300,00 ; Rp	43.547.136,93 ;;
;Pembelian Lestari 1Mei'26;;; Rp	1.230.000,00 ; Rp	42.317.136,93 ;;
;Uang Belanja Hilman 1Mei'26;;; Rp	2.500.000,00 ; Rp	39.817.136,93 ;;
;Bunga;; Rp	228,06 ;; Rp	39.817.364,99 ;;
;Pajak;;; Rp	45,61 ; Rp	39.817.319,38 ;;
;;;;;;;
;;;;;;;
;Saldo Awal :; Rp	37.045.548,93 ;;;;;
;Mutasi Kredit :; Rp	391.056.340,06 ;;;;;
;Mutasi Debet :; Rp	388.284.569,61 ;;;;;
;Saldo Akhir :; Rp	39.817.319,38 ;;;;;


LAPORAN KAS BCA DISMA BULAN MEI 2026;;;;;;;
;;;;;;;
TGL;KETERANGAN;SALDO AWAL;KAS MASUK;KAS KELUAR;SALDO AKHIR;;
;;;;;;;
;; Rp	39.817.319,38 ;;; Rp	39.817.319,38 ;;
01-May;Pembelian Tissue Hand Towel Brown@20Pack 2Ctn Shopee 1Mei'26;;; Rp	266.500,00 ; Rp	39.550.819,38 ;;
;Service Mobil Grandmax TCL 1Mei'26;;; Rp	685.000,00 ; Rp	38.865.819,38 ;;
;Pembelian Tahu Walik Isi 10Pcs 15Pack Shopee 1Mei'26;;; Rp	250.500,00 ; Rp	38.615.319,38 ;;
;Pembelian Suminto 8April'26;;; Rp	731.000,00 ; Rp	37.884.319,38 ;;
;Pembelian Tasmi Fresh 5April'26;;; Rp	12.660.000,00 ; Rp	25.224.319,38 ;;
;Pembelian AA Utom 9April'26;;; Rp	2.948.000,00 ; Rp	22.276.319,38 ;;
;Biaya Bank;;; Rp	2.500,00 ; Rp	22.273.819,38 ;;
;Tagihan Ibu Debby 30Maret-5April'26;; Rp	495.500,00 ;; Rp	22.769.319,38 ;;
;Pembelian Aldi 8-9April'26;;; Rp	303.750,00 ; Rp	22.465.569,38 ;;
;Ongkir Lalamove Kiat 1Mei'26;;; Rp	180.000,00 ; Rp	22.285.569,38 ;;
;Pembelian Delta Adib 1Mei'26;;; Rp	558.000,00 ; Rp	21.727.569,38 ;;
;Uang Lembur Sandi 1Mei'26;;; Rp	50.000,00 ; Rp	21.677.569,38 ;;
;Uang Belanja Hilman 2Mei'26;;; Rp	2.500.000,00 ; Rp	19.177.569,38 ;;
;Uang Belanja Hilman 1Mei'26;;; Rp	2.307.000,00 ; Rp	16.870.569,38 ;;
02-May;Pengembalian Uang Refund Lobak Chinois 340Gr 2can Shopee 30April'26;; Rp	55.000,00 ;; Rp	16.925.569,38 ;;
;Pembelian Lobak Radis Chinois 340Gr 2Can Shopee 2Mei'26;;; Rp	57.998,00 ; Rp	16.867.571,38 ;;
;Pembelian Cookig Cream Anchor@1Liter 2Pack Shopee 2Mei'26;;; Rp	243.000,00 ; Rp	16.624.571,38 ;;
;Pembelian Indomie Goreng Rendang 40Pcs 1Ctn Shopee 2Mei'26;;; Rp	138.303,00 ; Rp	16.486.268,38 ;;
;Uang Belanja Hilman 2Mei'26;;; Rp	1.535.000,00 ; Rp	14.951.268,38 ;;
;Pembelian Safira 2Mei'26;;; Rp	380.000,00 ; Rp	14.571.268,38 ;;
;Pembelian Delta Adib 2Mei'26;;; Rp	198.000,00 ; Rp	14.373.268,38 ;;
;Uang Belanja Hilman 4Mei'26;;; Rp	2.000.000,00 ; Rp	12.373.268,38 ;;
04-May;Pengembalian Uang Refund Lobak Chinois 340Gr 2can Shopee 2Mei'26;; Rp	57.998,00 ;; Rp	12.431.266,38 ;;
;Pembelian Bumbu Mala Hot Pot Koki Jempol@1Kg Shopee 4Mei'26;;; Rp	122.038,00 ; Rp	12.309.228,38 ;;
;Ongkir Lalamove Kiat 2Mei'26;;; Rp	268.176,00 ; Rp	12.041.052,38 ;;
;Pembelian Condy Lemon Concentrate@200Ml 4Pcs Shopee 4Mei'26;;; Rp	113.336,00 ; Rp	11.927.716,38 ;;
;Pembelian Tissue Livi Evo Premium 24Pack Shopee 4Mei'26;;; Rp	261.232,00 ; Rp	11.666.484,38 ;;
;Pembelian Monin Syrup Vanilla@700Ml 1Btl Shopee 4Mei'26;;; Rp	145.300,00 ; Rp	11.521.184,38 ;;
;Pembelian Monin Syrup Leci@700Ml 3Btl Shopee 4Mei'26;;; Rp	433.300,00 ; Rp	11.087.884,38 ;;
;Pembelian Mc Chain Spiral Twister Curly Fries@1.8Kg 7Pack Shopee 4Mei'26;;; Rp	1.183.500,00 ; Rp	9.904.384,38 ;;
;Pembelian Mc Chain Spiral Twister Curly Fries@1.8Kg 8Pack Shopee 4Mei'26;;; Rp	1.352.000,00 ; Rp	8.552.384,38 ;;
;Pembelian Mamasuka Mayonaise@1Kg 10Pack Shopee 4Mei'26;;; Rp	484.250,00 ; Rp	8.068.134,38 ;;
;Uang Lembur Pak Ifan 3Mei'26;;; Rp	150.000,00 ; Rp	7.918.134,38 ;;
;Uang Harian Zaki 29April , 1-2Mei'26 =300,000 & 3Mei'26 150,000;;; Rp	450.000,00 ; Rp	7.468.134,38 ;;
;Disma Operasional Cost Dari Bank Bri;; Rp	51.000.000,00 ;; Rp	58.468.134,38 ;;
;Uang Belanja Bagus 4Mei'26;;; Rp	426.000,00 ; Rp	58.042.134,38 ;;
;Uang Belanja Hilman 4Mei'26;;; Rp	227.000,00 ; Rp	57.815.134,38 ;;
;Pembelian Maple Joe@250Gr 5Btl Shopee 4Mei'26;;; Rp	563.300,00 ; Rp	57.251.834,38 ;;
;Pembelian Sirup Dripp Pandan@760Ml 2Btl Shopee 4Mei'26;;; Rp	214.052,00 ; Rp	57.037.782,38 ;;
;Pembelian Beras Hanaro@5Kg 2Krg Shopee 4Mei'26;;; Rp	535.666,00 ; Rp	56.502.116,38 ;;
;Pembelian Pak Andi 4Mei'26;;; Rp	25.500.000,00 ; Rp	31.002.116,38 ;;
;Pembelian Delta Adib 4Mei'26;;; Rp	936.000,00 ; Rp	30.066.116,38 ;;
;Pembelian Safira 4Mei'26;;; Rp	420.000,00 ; Rp	29.646.116,38 ;;
;Pembelian Lestari 5Mei'26;;; Rp	1.693.000,00 ; Rp	27.953.116,38 ;;
;Uang Operasional Rifai 2Mei'26;;; Rp	50.000,00 ; Rp	27.903.116,38 ;;
;Uang Lembur Sandi 2Mei'26;;; Rp	50.000,00 ; Rp	27.853.116,38 ;;
;Pembelian Tahu Walik Isi 10Pcs 10Pack Shopee 4Mei'26;;; Rp	167.200,00 ; Rp	27.685.916,38 ;;
;Pembelian Minyak Vipco@1Liter 12Pack Shopee 4Mei'26;;; Rp	293.977,00 ; Rp	27.391.939,38 ;;
;Uang Opperasional Pak Ifan 4Mei'26;;; Rp	100.000,00 ; Rp	27.291.939,38 ;;
;Uang Belanja Hilman 5Mei'26;;; Rp	7.000.000,00 ; Rp	20.291.939,38 ;;
;Tagihan Kyo Jatiwaringin 16-22Maret'26&Tagihan Kyo Astha 30Maret-5Aoril'26;; Rp	2.387.000,00 ;; Rp	22.678.939,38 ;;
05-May;Uang Harian Pak Purnomo 4Mei'26;;; Rp	400.000,00 ; Rp	22.278.939,38 ;;
;Internet Indosat Hifi ;;; Rp	382.950,00 ; Rp	21.895.989,38 ;;
;Listrik Kantor;;; Rp	2.637.842,00 ; Rp	19.258.147,38 ;;
;Pembelian Tissue Plenty Kitchen Towel Towel Rolls@2Pcs 4Ctn Shopee 5Mei'26;;; Rp	304.576,00 ; Rp	18.953.571,38 ;;
;Pembelian Gula Kristal Putih Sachet@6Gr Isi 250Pcs 1Pack Shopee 5Mei'26;;; Rp	65.500,00 ; Rp	18.888.071,38 ;;
;Pembelian Abc Sambal Extra Pedas@950Gr 2Pack Shopee 5Mei'26;;; Rp	62.564,00 ; Rp	18.825.507,38 ;;
;Pembelian Sarung Tangan Hitam Samrock@50Pcs 7Pack Shopee 5Mei'26;;; Rp	444.925,00 ; Rp	18.380.582,38 ;;
;Uang Lembur Pak Ifan 4Mei'26;;; Rp	50.000,00 ; Rp	18.330.582,38 ;;
;Pembelian Delta Adib 5Mei'26;;; Rp	1.458.000,00 ; Rp	16.872.582,38 ;;
;Marketing;;; Rp	179.000,00 ; Rp	16.693.582,38 ;;
;Pembelian Paperplate Detpack @50Pcs 8Pack Shopee 5Mei'26;;; Rp	316.460,00 ; Rp	16.377.122,38 ;;
;Pembelian Plastik Wrapping Makanan 40X500mm 1Roll Shopee 5Mei'26;;; Rp	125.400,00 ; Rp	16.251.722,38 ;;
;Pembelian Alfatih Frozen 5Mei'26;;; Rp	300.000,00 ; Rp	15.951.722,38 ;;
;Uang Belanja Hilman 6Mei'26;;; Rp	2.500.000,00 ; Rp	13.451.722,38 ;;
06-May;Pembelian Delta Adib 6Mei'26;;; Rp	360.000,00 ; Rp	13.091.722,38 ;;
;Uang Belanja Hilman 6Mei'26;;; Rp	270.000,00 ; Rp	12.821.722,38 ;;
;Disma Operasional Cost Dari Bank Mandiri;; Rp	100.000.000,00 ;; Rp	112.821.722,38 ;;
;Pembelian Tasmi Fresh 6-11April'26;;; Rp	79.905.000,00 ; Rp	32.916.722,38 ;;
;Marketing;;; Rp	100.000,00 ; Rp	32.816.722,38 ;;
;Pembelian Tahu Walik Isi 10Pcs 15Pack Shopee 6Mei'26;;; Rp	250.500,00 ; Rp	32.566.222,38 ;;
;Pembelian Alfatih Frozen 6Mei'26;;; Rp	295.000,00 ; Rp	32.271.222,38 ;;
;Uang Belanja Hilman 7Mei'26;;; Rp	5.500.000,00 ; Rp	26.771.222,38 ;;
;Marketing;;; Rp	50.000,00 ; Rp	26.721.222,38 ;;
07-May;Pembelian Mitra Kirim 7Mei'26;;; Rp	326.755,00 ; Rp	26.394.467,38 ;;
;Uang Belanja Zaki 7Mei'26;;; Rp	500.000,00 ; Rp	25.894.467,38 ;;
;Pembelian Hijrahfood 7Mei'26;;; Rp	1.985.500,00 ; Rp	23.908.967,38 ;;
;Uang Operasional Pak Ifan 7Mei'26;;; Rp	22.000,00 ; Rp	23.886.967,38 ;;
;Pembelian Bingkai A4 2Pcs 7Mei'26;;; Rp	69.600,00 ; Rp	23.817.367,38 ;;
;Pembelian Milac Gold Cooking Cream@1Liter 2Pack Shopee 7Mei'26;;; Rp	173.200,00 ; Rp	23.644.167,38 ;;
;Uang Belanja Hilman 7Mei'26;;; Rp	633.000,00 ; Rp	23.011.167,38 ;;
;Pembelian Safira 7Mei'26;;; Rp	750.000,00 ; Rp	22.261.167,38 ;;
;Pembelian Delta Adib 7Mei'26;;; Rp	288.000,00 ; Rp	21.973.167,38 ;;
;Pembelian Kentang Aviko Shoestring@2,5Kg 7Pack Shopee 7Mei'26;;; Rp	467.680,00 ; Rp	21.505.487,38 ;;
;Pembelian Kentang Aviko Shoestring@2,5Kg 8Pack Shopee 7Mei'26;;; Rp	570.000,00 ; Rp	20.935.487,38 ;;
08-May;Uang Belanja Bagus 7Mei'26;;; Rp	300.000,00 ; Rp	20.635.487,38 ;;
;Pembelian Lestari 8Mei'26;;; Rp	705.000,00 ; Rp	19.930.487,38 ;;
;Uang Belanja Hilman 8Mei'26;;; Rp	2.000.000,00 ; Rp	17.930.487,38 ;;
;Tagihan Daily Bread Epicentrum 16-22Maret'26;; Rp	1.448.300,00 ;; Rp	19.378.787,38 ;;
;Uang Belanja Hilman 8Mei'26;;; Rp	567.000,00 ; Rp	18.811.787,38 ;;
;Pembelian Tahu Walik Isi 10Pcs 15Pack Shopee 8Mei'26;;; Rp	250.500,00 ; Rp	18.561.287,38 ;;
;Disma Operasional Cost Dari Bank Bri;; Rp	44.000.000,00 ;; Rp	62.561.287,38 ;;
;Pembelian Delta Adib 8Mei'26;;; Rp	540.000,00 ; Rp	62.021.287,38 ;;
;Pembelian Tasmi Fresh 13-17April'26;;; Rp	18.000.000,00 ; Rp	44.021.287,38 ;;
;Pembelian Tasmi Fresh 18April'26;;; Rp	4.200.000,00 ; Rp	39.821.287,38 ;;
;Pembelian Aldi 13-19April'26;;; Rp	5.714.950,00 ; Rp	34.106.337,38 ;;
;Pembelian Suminto 13-19April'26;;; Rp	1.411.000,00 ; Rp	32.695.337,38 ;;
;Pembelian AA Utom 15April'26;;; Rp	3.586.000,00 ; Rp	29.109.337,38 ;;
;Biaya Bank;;; Rp	2.500,00 ; Rp	29.106.837,38 ;;
;Pembelian Toko Raffleisa 8Mei'26;;; Rp	350.000,00 ; Rp	28.756.837,38 ;;
;Uang Belanja Bagus 8Mei'26;;; Rp	198.000,00 ; Rp	28.558.837,38 ;;
;Uang Belanja Hilman 9Mei'26;;; Rp	3.500.000,00 ; Rp	25.058.837,38 ;;
09-May;Uang Belanja Hilman 9Mei'26;;; Rp	247.000,00 ; Rp	24.811.837,38 ;;
;Pembelian Delta Adib 9Mei'26;;; Rp	324.000,00 ; Rp	24.487.837,38 ;;
;Pembelian Safira 9Mei'26;;; Rp	370.000,00 ; Rp	24.117.837,38 ;;
;Uang Operasional Rifai 9Mei'26;;; Rp	22.000,00 ; Rp	24.095.837,38 ;;
;Uang Operasional Pak Ifan 9Mei'26;;; Rp	102.000,00 ; Rp	23.993.837,38 ;;
;Uang Belanja Hilman 11Mei'26;;; Rp	2.000.000,00 ; Rp	21.993.837,38 ;;
;Telkomsel Pak Damar Mei'26;;; Rp	231.438,00 ; Rp	21.762.399,38 ;;
11-May;Pembelian Tahu Walik Isi 10Pcs 20Pack Shopee 11Mei'26;;; Rp	341.000,00 ; Rp	21.421.399,38 ;;
;Pembelian Bertolli Balsamic Vinager@500Ml 1Btl Shopee 11Mei'26;;; Rp	72.500,00 ; Rp	21.348.899,38 ;;
;Pembelian Mamasuka Mayonaise@1Kg 10Pack Shopee 11Mei'26;;; Rp	517.000,00 ; Rp	20.831.899,38 ;;
;Pembelian Condy Lemon Concentrate@200Ml 3Pcs Shopee 11Mei'26;;; Rp	89.400,00 ; Rp	20.742.499,38 ;;
;Pembelian Sedotan Kertas@100Pcs 10Pack Shopee 11Mei'26;;; Rp	244.519,00 ; Rp	20.497.980,38 ;;
;Uang Harian Zaki 4-9Mei'26;;; Rp	600.000,00 ; Rp	19.897.980,38 ;;
;Pembelian Struk Thermal 80x80 20Pack Shopee 11Mei'26;;; Rp	277.000,00 ; Rp	19.620.980,38 ;;
;Uang Lembur Pak Ifan 9Mei'26;;; Rp	50.000,00 ; Rp	19.570.980,38 ;;
;Pembelian Lestari 11Mei'26;;; Rp	2.225.000,00 ; Rp	17.345.980,38 ;;
;Uang Belanja Hilman 11Mei'26;;; Rp	3.000.000,00 ; Rp	14.345.980,38 ;;
;Pembelian Mc Chain Spiral Twister Curly Fries@1.8Kg 7Pack Shopee 11Mei'26;;; Rp	1.183.500,00 ; Rp	13.162.480,38 ;;
;Pembelian Mc Chain Spiral Twister Curly Fries@1.8Kg 8Pack Shopee 11Mei'26;;; Rp	1.352.000,00 ; Rp	11.810.480,38 ;;
;Pembelian Sunlight@4,5Liter 5Jrg Tokopedia 11Mei'26;;; Rp	485.150,00 ; Rp	11.325.330,38 ;;
;Pembelian Alfatih Frozen 11Mei'26;;; Rp	546.000,00 ; Rp	10.779.330,38 ;;
;Pembelian Sosis Kimbo Isi 25Pcs 6Pack Shopee 11Mei'26;;; Rp	218.400,00 ; Rp	10.560.930,38 ;;
;Pembelian Tyj Spring Roll Kulit Lumpia@20Pcs 2Pack Shopee 11Mei'26;;; Rp	60.020,00 ; Rp	10.500.910,38 ;;
;Uang Operasional Rifai 11Mei'26;;; Rp	50.000,00 ; Rp	10.450.910,38 ;;
;Pembelian Kabel Ties 4Pack Shopee 11Mei'26;;; Rp	29.000,00 ; Rp	10.421.910,38 ;;
;Pembelian Milac Gold Cooking Cream@1Liter 1Pack Shopee 11Mei'26;;; Rp	89.550,00 ; Rp	10.332.360,38 ;;
;Uang Belanja Hilman 11Mei'26;;; Rp	450.000,00 ; Rp	9.882.360,38 ;;
;Pembelian Safira 11Mei'26;;; Rp	740.000,00 ; Rp	9.142.360,38 ;;
;Pembelian Delta Adib 11Mei'26;;; Rp	612.000,00 ; Rp	8.530.360,38 ;;
;Tagihan Narasa 30Maret-5April'26;; Rp	1.509.250,00 ;; Rp	10.039.610,38 ;;
;Pembelian Nescafe Classic@200Gr 4Btl Shopee 11Mei'26;;; Rp	427.720,00 ; Rp	9.611.890,38 ;;
;Marketing;;; Rp	451.000,00 ; Rp	9.160.890,38 ;;
;Pembelian Lestari 12Mei'26;;; Rp	1.175.000,00 ; Rp	7.985.890,38 ;;
;Uang Belanja Hilman 12Mei'26;;; Rp	7.500.000,00 ; Rp	485.890,38 ;;
;Disma Operasional Cost Dari Bank Bri;; Rp	42.000.000,00 ;; Rp	42.485.890,38 ;;
12-May;Pembelian Bingkai A4 4Pcs 12Mei'26;;; Rp	130.300,00 ; Rp	42.355.590,38 ;;
;Pembelian Rumput Sintetis Kantor 1 Roll 12Mei'26;;; Rp	365.000,00 ; Rp	41.990.590,38 ;;
;Pembelian Bean Bag Kantor 5Pcs 12Mei'26;;; Rp	1.400.500,00 ; Rp	40.590.090,38 ;;
;Pembelian Papan Tulis Roda & Atk 1Pcs 12Mei'26;;; Rp	807.500,00 ; Rp	39.782.590,38 ;REFUND;
;Pembelian Kanebo 2Pcs 12Mei'26;;; Rp	44.300,00 ; Rp	39.738.290,38 ;;
;Pembelian Alas Sajadah 1Pcs 12Mei'26;;; Rp	61.000,00 ; Rp	39.677.290,38 ;;
;Pembelian Meja Kantor 4Pcs 12Mei'26;;; Rp	1.170.279,00 ; Rp	38.507.011,38 ;;
;Uang Operasional Rifai 12Mei'26;;; Rp	52.000,00 ; Rp	38.455.011,38 ;;
;Pembelian Safira 12Mei'26;;; Rp	412.500,00 ; Rp	38.042.511,38 ;;
;Pembelian Delta Adib 12Mei'26;;; Rp	198.000,00 ; Rp	37.844.511,38 ;;
;Uang Belanja Hilman 12Mei'26;;; Rp	2.622.000,00 ; Rp	35.222.511,38 ;;
;Pembelian Fanta,Sprite&Cocacola 250Ml 1Ctn Shopee 12Mei'26;;; Rp	419.000,00 ; Rp	34.803.511,38 ;;
;Pembelian Kentang Aviko Shoestring@2,5Kg 7Pack Shopee 12Mei'26;;; Rp	508.000,00 ; Rp	34.295.511,38 ;;
;Pembelian Kentang Aviko Shoestring@2,5Kg 8Pack Shopee 12Mei'26;;; Rp	580.000,00 ; Rp	33.715.511,38 ;;
;Disma Operasional Cost Dari Bank Mandiri;; Rp	50.000.000,00 ;; Rp	83.715.511,38 ;;
;Pembelian Tasmi Fresh 20-22April'26;;; Rp	50.000.000,00 ; Rp	33.715.511,38 ;;
;Biaya Bank;;; Rp	2.500,00 ; Rp	33.713.011,38 ;;
;Uang Operasional Rifai 12Mei'26;;; Rp	200.000,00 ; Rp	33.513.011,38 ;;
;Pembelian Ban Motor Disma 12Mei'26;;; Rp	300.000,00 ; Rp	33.213.011,38 ;;
;Uang Belanja Hilman 13Mei'26;;; Rp	3.500.000,00 ; Rp	29.713.011,38 ;;
;Pembelian Lestari 13Mei'26;;; Rp	1.157.200,00 ; Rp	28.555.811,38 ;;
;Ongkir Lalamove Lestari 12&13Mei'26;;; Rp	60.000,00 ; Rp	28.495.811,38 ;;
13-May;Disma Operasional Cost Dari Bank Mandiri;; Rp	25.000.000,00 ;; Rp	53.495.811,38 ;;
;Pembelian Pak Andi 13Mei'26;;; Rp	29.400.000,00 ; Rp	24.095.811,38 ;;
;Pembelian Tahu Walik Isi 10Pcs 20Pack Shopee 13Mei'26;;; Rp	320.800,00 ; Rp	23.775.011,38 ;;
;Pembelian Bertolli Balsamic Vinager@500Ml 1Btl Shopee 13Mei'26;;; Rp	72.500,00 ; Rp	23.702.511,38 ;;
;Pembelian Royco Ayam@1Kg 1Pack Shopee 13Mei'26;;; Rp	47.000,00 ; Rp	23.655.511,38 ;;
;Tagihan Narasa 6-12April'26;; Rp	1.491.600,00 ;; Rp	25.147.111,38 ;;
;Marketing;;; Rp	50.000,00 ; Rp	25.097.111,38 ;;
;Biaya Bank;;; Rp	2.500,00 ; Rp	25.094.611,38 ;;
;Uang Belanja Hilman 13Mei'26;;; Rp	1.173.000,00 ; Rp	23.921.611,38 ;;
;Pembelian Stop Kontak kantor 6Lubang 13Mei'26;;; Rp	101.298,00 ; Rp	23.820.313,38 ;;
;Pembelian Kecap Manis Anggur 2Jrg Shopee 13Mei'26;;; Rp	333.277,00 ; Rp	23.487.036,38 ;;
;Pembelian Delta Adib 13Mei'26;;; Rp	900.000,00 ; Rp	22.587.036,38 ;;
;Pembelian Bakso Urat Isi 50Pcs 5Pack Shopee 13Mei'26;;; Rp	448.000,00 ; Rp	22.139.036,38 ;;
;Uang Belanja Hilman 14Mei'26;;; Rp	3.500.000,00 ; Rp	18.639.036,38 ;;
14-May;Uang Belanja Hilman 14Mei'26;;; Rp	715.000,00 ; Rp	17.924.036,38 ;;
;Pembelian Delta Adib 14Mei'26;;; Rp	396.000,00 ; Rp	17.528.036,38 ;;
;Uang Operasional Pak Ifan 14Mei'26;;; Rp	52.000,00 ; Rp	17.476.036,38 ;;
;Uang Belanja Bagus 14Mei'26;;; Rp	810.000,00 ; Rp	16.666.036,38 ;;
;Uang Belanja Hilman 15Mei'26;;; Rp	1.500.000,00 ; Rp	15.166.036,38 ;;
15-May;Pengembalian Pembelian Papan Tulis Roda & Atk 1Pcs 12Mei'26;; Rp	807.500,00 ;; Rp	15.973.536,38 ;;
;Pembelian Lestari 15Mei'26;;; Rp	650.000,00 ; Rp	15.323.536,38 ;;
;Uang Operasional Rifai 15Mei'26;;; Rp	22.000,00 ; Rp	15.301.536,38 ;;
;Disma Operasional Cost Dari Bank Bri;; Rp	100.000.000,00 ;; Rp	115.301.536,38 ;;
;Pembelian Tasmi Fesh 22-25April'26;;; Rp	76.006.000,00 ; Rp	39.295.536,38 ;;
;Pembelian AA Alan 20-25April'26;;; Rp	6.300.000,00 ; Rp	32.995.536,38 ;;
;Pembelian Aldi 21-25April'26;;; Rp	3.053.750,00 ; Rp	29.941.786,38 ;;
;Pembelian AA Utom 24April'26;;; Rp	811.500,00 ; Rp	29.130.286,38 ;;
;Biaya Bank;;; Rp	2.500,00 ; Rp	29.127.786,38 ;;
;Pembelian Suminto 22-23April'26;;; Rp	391.000,00 ; Rp	28.736.786,38 ;;
;Uang Belanja Hilman 15Mei'26;;; Rp	1.057.000,00 ; Rp	27.679.786,38 ;;
;Pembelian Delta Adib 15Mei'26;;; Rp	90.000,00 ; Rp	27.589.786,38 ;;
;Pembelian Tahu Walik Isi 10Pcs 20Pack Shopee 15Mei'26;;; Rp	320.800,00 ; Rp	27.268.986,38 ;;
;Pembelian Alfatih Frozen 15Mei'26;;; Rp	460.000,00 ; Rp	26.808.986,38 ;;
;Uang Belanja Hilman 16Mei'26;;; Rp	3.500.000,00 ; Rp	23.308.986,38 ;;
;Biaya Adm;;; Rp	20.000,00 ; Rp	23.288.986,38 ;;
16-May;Pembelian Sarung Tangan Hitam Samrock@50Pcs 10Pack Shopee 16Mei'26;;; Rp	661.000,00 ; Rp	22.627.986,38 ;;
;Pembelian Tissue Livi Kotak@150Lbr 10Pack Shopee 16Mei'26;;; Rp	52.001,00 ; Rp	22.575.985,38 ;;
;Uang Belanja Hilman 16Mei'26;;; Rp	792.000,00 ; Rp	21.783.985,38 ;;
;Uang Belanja Hilman 18Mei'26;;; Rp	2.000.000,00 ; Rp	19.783.985,38 ;;
;Uang Harian Zaki 11-16 Mei'26;;; Rp	500.000,00 ; Rp	19.283.985,38 ;;
;Pembelian AA Utom 28-29April'26;;; Rp	4.763.000,00 ; Rp	14.520.985,38 ;;
;Biaya Bank;;; Rp	2.500,00 ; Rp	14.518.485,38 ;;
18-May;Pembelian Safira 16Mei'26;;; Rp	370.000,00 ; Rp	14.148.485,38 ;;
;Pembelian Delta Adib 16Mei'26;;; Rp	684.000,00 ; Rp	13.464.485,38 ;;
;Pembelian Safira 18Mei'26;;; Rp	405.000,00 ; Rp	13.059.485,38 ;;
;Pembelian Tahu Walik Isi 10Pcs 30Pack Shopee 18Mei'26;;; Rp	486.200,00 ; Rp	12.573.285,38 ;;
;Pembelian Bertolli Balsamic Vinager@500Ml 3Btl Shopee 18Mei'26;;; Rp	207.000,00 ; Rp	12.366.285,38 ;;
;Pembelian Mamasuka Mayonaise@1Kg 10Pack Shopee 18Mei'26;;; Rp	517.000,00 ; Rp	11.849.285,38 ;;
;Pembelian Mamasuka Mayonaise@1Kg 10Pack Shopee 18Mei'26;;; Rp	528.400,00 ; Rp	11.320.885,38 ;;
;Pembelian Milac Gold Cooking Cream@1Liter 2Pack Shopee 18Mei'26;;; Rp	174.300,00 ; Rp	11.146.585,38 ;;
;Pembelian Beras Hanaro@5Kg 2Krg Shopee 18Mei'26;;; Rp	415.000,00 ; Rp	10.731.585,38 ;;
;Service Chiller Nambah Freon 1Pcs 18Mei'26;;; Rp	250.000,00 ; Rp	10.481.585,38 ;;
;Uang Operasional Pak Ifan 18Mei'26;;; Rp	30.000,00 ; Rp	10.451.585,38 ;;
;Uang Belanja Hilman 18Mei'26;;; Rp	390.000,00 ; Rp	10.061.585,38 ;;
;Pembelian Sarung Tangan Hitam Samrock@50Pcs 10Pack Shopee 18Mei'26;;; Rp	596.500,00 ; Rp	9.465.085,38 ;;
;Pembelian Madu Uray@875Gr 4Btl Shopee 18Mei'26;;; Rp	684.800,00 ; Rp	8.780.285,38 ;;
;Pembelian Paperplate Detpack @50Pcs 10Pack Shopee 18Mei'26;;; Rp	435.930,00 ; Rp	8.344.355,38 ;;
;Pembelian Milac Gold Cooking Cream@1Liter 2Pack Shopee 18Mei'26;;; Rp	183.200,00 ; Rp	8.161.155,38 ;;
;Tagihan Narasa 13-19April'26;; Rp	1.402.250,00 ;; Rp	9.563.405,38 ;;
;Pembelian Delta Adib 18Mei'26;;; Rp	504.000,00 ; Rp	9.059.405,38 ;;
;Pembelian Royco Ayam@1Kg 1Pack Shopee 18Mei'26;;; Rp	52.000,00 ; Rp	9.007.405,38 ;;
;Pembelian Abc Sambal Extra Pedas@950Gr 10Pack Shopee 18Mei'26;;; Rp	348.000,00 ; Rp	8.659.405,38 ;;
;Pembelian Bernardi Corned Beef@290Gr 10Can Shopee 18Mei'26;;; Rp	648.800,00 ; Rp	8.010.605,38 ;;
;Pembelian Salted Egg Yolk Golden Isi 20Pcs 30Pack Shopee 18Mei'26;;; Rp	4.593.500,00 ; Rp	3.417.105,38 ;;
;Uang Belanja Bagus 18Mei'26;;; Rp	600.000,00 ; Rp	2.817.105,38 ;;
;Disma Operasional Cost Dari Bank Bri;; Rp	50.000.000,00 ;; Rp	52.817.105,38 ;;
;Pembelian Lestari 19Mei'26;;; Rp	1.672.000,00 ; Rp	51.145.105,38 ;;
;Uang Lembur Bagus 17Mei'26;;; Rp	50.000,00 ; Rp	51.095.105,38 ;;
;Uang Belanja Hilman 19Mei'26;;; Rp	5.500.000,00 ; Rp	45.595.105,38 ;;
19-May;Pembelian Tissue Plenty Kitchen Towel Towel Rolls@2Pcs 4Ctn Shopee 19Mei'26;;; Rp	327.200,00 ; Rp	45.267.905,38 ;;
;Pembelian Grapeseed Oil Borges@1Ltr 5Btl Shopee 19Mei'26;;; Rp	735.025,00 ; Rp	44.532.880,38 ;;
;Pembelian Tissue Hand Towel Brown@20Pack 4Ctn Shopee 19Mei'26;;; Rp	544.000,00 ; Rp	43.988.880,38 ;;
;Uang Operasional Rifai 19Mei'26;;; Rp	50.000,00 ; Rp	43.938.880,38 ;;
;Uang Lembur Pak Ifan 18Mei'26;;; Rp	50.000,00 ; Rp	43.888.880,38 ;;
;Pembelian Mc Lewis Sachet@20Gr Isi 10Pcs 10Pack Shopee 19Mei'26;;; Rp	104.500,00 ; Rp	43.784.380,38 ;;
;Pembelian Vanilla Topieco@100Ml 1Btl Shopee 19Mei'26;;; Rp	49.500,00 ; Rp	43.734.880,38 ;;
;Pembelian Hijrahfood 19Mei'26;;; Rp	1.985.500,00 ; Rp	41.749.380,38 ;;
;Pembelian Delta Adib 19Mei'26;;; Rp	1.026.000,00 ; Rp	40.723.380,38 ;;
;Pembelian Safira 19Mei'26;;; Rp	400.000,00 ; Rp	40.323.380,38 ;;
;Uang Belanja Hilman 19Mei'26;;; Rp	963.000,00 ; Rp	39.360.380,38 ;;
;Pembelian Lestari 20Mei'26;;; Rp	1.980.000,00 ; Rp	37.380.380,38 ;;
;Uang Belanja Hilman 20Mei'26;;; Rp	5.000.000,00 ; Rp	32.380.380,38 ;;
20-May;Marketing;;; Rp	100.000,00 ; Rp	32.280.380,38 ;;
;Biaya Bank;;; Rp	2.500,00 ; Rp	32.277.880,38 ;;
;Disma Operasional Cost Dari Bank Bri;; Rp	50.000.000,00 ;; Rp	82.277.880,38 ;;
;Pembelian Susu Sunbay Evaporated Milk@380Ml 5Can Shopee 20Mei'26;;; Rp	81.495,00 ; Rp	82.196.385,38 ;;
;Pembelian Safira 20Mei'26;;; Rp	1.095.000,00 ; Rp	81.101.385,38 ;;
;Pembelian Delta Adib 20Mei'26;;; Rp	360.000,00 ; Rp	80.741.385,38 ;;
;Marketing;;; Rp	593.435,00 ; Rp	80.147.950,38 ;Terakhir Cek Pak Damar;
;Pembelian Pak Andi 20Mei'26;;; Rp	25.200.000,00 ; Rp	54.947.950,38 ;;
;Pembelian Mc Chain Spiral Twister Curly Fries@1.8Kg 7Pack Shopee 20Mei'26;;; Rp	1.032.601,00 ; Rp	53.915.349,38 ;;
;Pembelian Mc Chain Spiral Twister Curly Fries@1.8Kg 8Pack Shopee 20Mei'26;;; Rp	1.220.080,00 ; Rp	52.695.269,38 ;;
;Pembelian Tahu Walik Isi 10Pcs 15Pack Shopee 20Mei'26;;; Rp	250.500,00 ; Rp	52.444.769,38 ;;
;Uang Belanja Bagus 20Mei'26;;; Rp	1.000.000,00 ; Rp	51.444.769,38 ;;
;Marketing;;; Rp	134.000,00 ; Rp	51.310.769,38 ;;
;Uang Belanja Hilman 21Mei'26;;; Rp	3.500.000,00 ; Rp	47.810.769,38 ;;
;Marketing;;; Rp	95.000,00 ; Rp	47.715.769,38 ;;
;Marketing;;; Rp	250.000,00 ; Rp	47.465.769,38 ;;
21-May;Kembalian Uang Belanja Hilman 5Mei'26;; Rp	275.000,00 ;; Rp	47.740.769,38 ;;
;Pembelian Pak Andi 21Mei'26;;; Rp	8.700.000,00 ; Rp	39.040.769,38 ;;
;Uang Lembur Pak Ifan 20Mei'26;;; Rp	50.000,00 ; Rp	38.990.769,38 ;;
;Uang Operasional Rifai 21Mei'26;;; Rp	22.000,00 ; Rp	38.968.769,38 ;;
;Uang Belanja Hilman 21Mei'26;;; Rp	1.110.000,00 ; Rp	37.858.769,38 ;;
;Pembelian Madu Uray@875Gr 4Btl Shopee 21Mei'26;;; Rp	670.000,00 ; Rp	37.188.769,38 ;;
;Pembelian Delta Adib 21Mei'26;;; Rp	180.000,00 ; Rp	37.008.769,38 ;;
;Uang Belanja Pak Bagja 21Mei'26;;; Rp	992.000,00 ; Rp	36.016.769,38 ;;
;Kelebihan Transfer Uang Belanja Pak Bagja 21Mei'26;; Rp	64.000,00 ;; Rp	36.080.769,38 ;;
;Pembelian Lestari 22Mei'26;;; Rp	1.955.000,00 ; Rp	34.125.769,38 ;;
;Uang Belanja Hilman 22Mei'26;;; Rp	3.000.000,00 ; Rp	31.125.769,38 ;;
22-May;Kembalian Uang Belanja Hilman 20Mei'26;; Rp	109.000,00 ;; Rp	31.234.769,38 ;;
;Kembalian Uang Belanja Hilman 22Mei'26;; Rp	354.000,00 ;; Rp	31.588.769,38 ;;
;Uang Operasional Rifai 22Mei'26;;; Rp	22.000,00 ; Rp	31.566.769,38 ;;
;Disma Operasional Cost Dari Bank Bri;; Rp	46.000.000,00 ;; Rp	77.566.769,38 ;;
;Pembelian Aldi 27-29April'26;;; Rp	25.349.250,00 ; Rp	52.217.519,38 ;;
;Pembelian AA Utom 1-2Mei'26;;; Rp	7.264.750,00 ; Rp	44.952.769,38 ;;
;Biaya Bank;;; Rp	2.500,00 ; Rp	44.950.269,38 ;;
;Pembelian Delta Adib 22Mei'26;;; Rp	360.000,00 ; Rp	44.590.269,38 ;;
;Uang Belanja Hilman 23Mei'26;;; Rp	3.500.000,00 ; Rp	41.090.269,38 ;;
23-May;Uang Operasional Pak Ifan 23Mei'26;;; Rp	53.000,00 ; Rp	41.037.269,38 ;;
;Pembelian Condy Lemon Concentrate@200Ml 2Pcs Shopee 23Mei'26;;; Rp	54.500,00 ; Rp	40.982.769,38 ;;
;Uang Operasional Rifai 23Mei'26;;; Rp	22.000,00 ; Rp	40.960.769,38 ;;
;Uang Belanja Hilman 25Mei'26;;; Rp	1.000.000,00 ; Rp	39.960.769,38 ;;
;Pembelian Tasmi Fresh 27-28April'26;;; Rp	12.314.000,00 ; Rp	27.646.769,38 ;;
25-May;Pembelian Tahu Walik Isi 10Pcs 20Pack Shopee 25Mei'26;;; Rp	321.200,00 ; Rp	27.325.569,38 ;;
;Pembelian Kentang Aviko Shoestring@2,5Kg 7Pack Shopee 25Mei'26;;; Rp	432.400,00 ; Rp	26.893.169,38 ;;
;Pembelian Kentang Aviko Shoestring@2,5Kg 8Pack Shopee 25Mei'26;;; Rp	510.880,00 ; Rp	26.382.289,38 ;;
;Pembelian Sarung Tangan Hitam Samrock@50Pcs 15Pack Shopee 25Mei'26;;; Rp	848.050,00 ; Rp	25.534.239,38 ;;
;Pembelian Mamasuka Mayonaise@1Kg 10Pack Shopee 25Mei'26;;; Rp	455.440,00 ; Rp	25.078.799,38 ;;
;Pembelian Sprok Spoon Gase Kayu Isi 100Pcs @1Pack Shopee 25Mei'26;;; Rp	38.517,00 ; Rp	25.040.282,38 ;;
;Pembelian Minyak Vipco@1Liter 12Pack Shopee 25Mei'26;;; Rp	281.595,00 ; Rp	24.758.687,38 ;;
;Uang Belanja Hilman 25Mei'26;;; Rp	347.000,00 ; Rp	24.411.687,38 ;;
;Pembelian Delta Adib 25Mei'26;;; Rp	180.000,00 ; Rp	24.231.687,38 ;;
;Pembelian Safira 25Mei'26;;; Rp	365.000,00 ; Rp	23.866.687,38 ;;
;Pembelian Alfatih Frozen 25Mei'26;;; Rp	1.600.000,00 ; Rp	22.266.687,38 ;;
;Pembelian Tissue Livi Kotak@150Lbr 30Pack Shopee 25Mei'26;;; Rp	197.202,00 ; Rp	22.069.485,38 ;;
;Pembelian A&W Soda Sarsapila@250Ml Isi 24Can 2Ctn Shopee 25Mei'26;;; Rp	263.000,00 ; Rp	21.806.485,38 ;;
;Pembelian Struk Thermal 58X48 20Pack Shopee 25Mei'26;;; Rp	81.760,00 ; Rp	21.724.725,38 ;;
;Pembelian Sprite@250Ml Isi 24Can 1Ctn Shopee 25Mei'26;;; Rp	137.200,00 ; Rp	21.587.525,38 ;;
;Pembelian Maple Joe@250Gr 5Btl Shopee 25Mei'26;;; Rp	614.000,00 ; Rp	20.973.525,38 ;;
;Pembelian Java Cocoa POwder Classic@1Kg 1Pack Shopee 25Mei'26;;; Rp	231.240,00 ; Rp	20.742.285,38 ;;
;Uang Belanja Hilman 26Mei'26;;; Rp	6.500.000,00 ; Rp	14.242.285,38 ;;
;Disma Operasional Cost Dari Bank Bri;; Rp	57.000.000,00 ;; Rp	71.242.285,38 ;;
;Pembelian Pesek 18-22Mei'26;;; Rp	7.260.000,00 ; Rp	63.982.285,38 ;;
;Biaya Bank;;; Rp	2.500,00 ; Rp	63.979.785,38 ;;
;Pembelian Kevin 18-23Mei'26;;; Rp	44.501.500,00 ; Rp	19.478.285,38 ;;
;Biaya Bank;;; Rp	2.500,00 ; Rp	19.475.785,38 ;;
;Pembelian Lestari 26Mei'26;;; Rp	1.670.000,00 ; Rp	17.805.785,38 ;;
26-May;Pembelian AA Dadi 25Mei'26;;; Rp	6.060.000,00 ; Rp	11.745.785,38 ;;
;Perpanjangan Wps Premium 26Mei'26;;; Rp	68.000,00 ; Rp	11.677.785,38 ;;
;Uang Belanja Hilman 26Mei'26;;; Rp	285.000,00 ; Rp	11.392.785,38 ;;
;Pembelian Delta Adib 26Mei'26;;; Rp	1.296.000,00 ; Rp	10.096.785,38 ;;
;Pembelian Safira 26Mei'26;;; Rp	820.000,00 ; Rp	9.276.785,38 ;;
;Uang Belanja Zaki 26Mei'26;;; Rp	200.000,00 ; Rp	9.076.785,38 ;;
;Uang Operasional Rifai 26Mei'26;;; Rp	52.000,00 ; Rp	9.024.785,38 ;;
;Uang Belanja Bagja 28Mei'26;;; Rp	1.500.000,00 ; Rp	7.524.785,38 ;;
28-May;Pembelian Tahu Walik Isi 10Pcs 30Pack Shopee 28Mei'26;;; Rp	486.200,00 ; Rp	7.038.585,38 ;;
;Pembelian Cireng Isi 20Pcs 30Pack Shopee 28Mei'26;;; Rp	467.827,00 ; Rp	6.570.758,38 ;;
;Pembelian Sosis Kimbo Isi 25Pcs 20Pack Shopee 28Mei'26;;; Rp	694.000,00 ; Rp	5.876.758,38 ;;
;Uang Lembur Rifai 28Mei'26;;; Rp	50.000,00 ; Rp	5.826.758,38 ;;
;Pembelian Kentang Aviko Shoestring@2,5Kg 7Pack Shopee 28Mei'26;;; Rp	462.640,00 ; Rp	5.364.118,38 ;;
;Pembelian Kentang Aviko Shoestring@2,5Kg 8Pack Shopee 28Mei'26;;; Rp	533.920,00 ; Rp	4.830.198,38 ;;
;Kembalian Uang Belanja Bagja 28Mei'26;; Rp	271.100,00 ;; Rp	5.101.298,38 ;;
;Pembelian Bakso Urat Isi 50Pcs 5Pack Shopee 28Mei'26;;; Rp	448.000,00 ; Rp	4.653.298,38 ;;
;Uang Harian Zaki 25-26Mei'26;;; Rp	200.000,00 ; Rp	4.453.298,38 ;;
;Ganti Oli Motor Disma 28Mei'26;;; Rp	97.500,00 ; Rp	4.355.798,38 ;;
;Disma Operasional Cost Dari Bank Bri;; Rp	50.000.000,00 ;; Rp	54.355.798,38 ;;
;Pembelian Delta Adib 28Mei'26;;; Rp	360.000,00 ; Rp	53.995.798,38 ;;
;Pembelian A&W Soda Sarsapila@250Ml Isi 24Can 1Ctn Shopee 28Mei'26;;; Rp	132.200,00 ; Rp	53.863.598,38 ;;
;Marketing;;; Rp	201.000,00 ; Rp	53.662.598,38 ;;
;Uang Belanja Bagja 29Mei'26;;; Rp	2.000.000,00 ; Rp	51.662.598,38 ;;
;Biaya Bank;;; Rp	2.500,00 ; Rp	51.660.098,38 ;;
29-May;Pembelian Pak Andi 29Mei'26;;; Rp	21.000.000,00 ; Rp	30.660.098,38 ;;
;Pembelian AA Dadi 26Mei'26;;; Rp	3.480.000,00 ; Rp	27.180.098,38 ;;
;Marketing;;; Rp	271.500,00 ; Rp	26.908.598,38 ;;
;Pembelian Margarine Amanda@200Gr 20Pack Shopee 29Mei'26;;; Rp	154.200,00 ; Rp	26.754.398,38 ;;
;Pembelian Susu Sunbay Evaporated Milk@380Ml 15Can Shopee 29Mei'26;;; Rp	243.000,00 ; Rp	26.511.398,38 ;;
;Pembelian Milo Bubuk@990Gr 2Pack Shopee 29Mei'26;;; Rp	178.260,00 ; Rp	26.333.138,38 ;;
;Pembelian BakingLand 29Mei'26;;; Rp	277.000,00 ; Rp	26.056.138,38 ;;
;Uang Belanja Bagja 29Mei'26;;; Rp	359.100,00 ; Rp	25.697.038,38 ;;
;Biaya Bank;;; Rp	2.500,00 ; Rp	25.694.538,38 ;;
;Pembelian Delta Adib 29Mei'26;;; Rp	180.000,00 ; Rp	25.514.538,38 ;;
;Disma Operasional Cost Dari Bank Bri;; Rp	100.000.000,00 ;; Rp	125.514.538,38 ;;
;Pembelian AA Utom 4-9Mei'26;;; Rp	9.042.050,00 ; Rp	116.472.488,38 ;;
;Biaya Bank;;; Rp	2.500,00 ; Rp	116.469.988,38 ;;
;Pembelian Tasmi Fresh 28-29April'26;;; Rp	33.815.000,00 ; Rp	82.654.988,38 ;;
;Pembelian Aldi 1-8Mei'26;;; Rp	29.285.250,00 ; Rp	53.369.738,38 ;;
;Pembelian Suminto 5-7Mei'26;;; Rp	2.268.000,00 ; Rp	51.101.738,38 ;;
;Marketing;;; Rp	203.500,00 ; Rp	50.898.238,38 ;;
;Uang Belanja Hilman 29Mei'26;;; Rp	404.000,00 ; Rp	50.494.238,38 ;;
;Uang Belanja Bagja 30Mei'26;;; Rp	2.000.000,00 ; Rp	48.494.238,38 ;;
;Biaya Bank;;; Rp	2.500,00 ; Rp	48.491.738,38 ;;
;Marketing;;; Rp	339.000,00 ; Rp	48.152.738,38 ;;
30-May;Pembelian Kevin 25-30Mei'26;;; Rp	23.100.000,00 ; Rp	25.052.738,38 ;;
;Biaya Bank;;; Rp	2.500,00 ; Rp	25.050.238,38 ;;
;Pembelian AA Dadi 29-30Mei'26;;; Rp	9.957.600,00 ; Rp	15.092.638,38 ;;
;Pembelian Delta Adib 30Mei'26;;; Rp	360.000,00 ; Rp	14.732.638,38 ;;
;Pembelian BakingLand 30Mei'26;;; Rp	316.500,00 ; Rp	14.416.138,38 ;;
;Pembelian Tahu Walik Isi 10Pcs 30Pack Shopee 30Mei'26;;; Rp	479.200,00 ; Rp	13.936.938,38 ;;
;Pembelian Susu Evaporasi Carnation@405Gr 4Can Shopee 30Mei'26;;; Rp	87.200,00 ; Rp	13.849.738,38 ;;
;Uang Belanja Bagja 1Juni'26;;; Rp	1.500.000,00 ; Rp	12.349.738,38 ;;
;Biaya Bank;;; Rp	2.500,00 ; Rp	12.347.238,38 ;;
;Mba Dina Salah Transfer Ke Disma 30Mei'26;;; Rp	2.500.000,00 ; Rp	9.847.238,38 ;;
;Pengembalian Salah Transfer Mba Dina 30Mei'26;; Rp	2.500.000,00 ;; Rp	12.347.238,38 ;;
;Bunga;; Rp	208,63 ;; Rp	12.347.447,01 ;;
;Pajak;;; Rp	41,73 ; Rp	12.347.405,28 ;;
;;;;;;;
;;;;;;;
;Saldo Awal :; Rp	39.817.319,38 ;;;;;
;Mutasi Kredit :; Rp	778.227.706,63 ;;;;;
;Mutasi Debet :; Rp	805.697.620,73 ;;;;;
;Saldo Akhir :; Rp	12.347.405,28 ;;;;;


LAPORAN KAS BCA DISMA BULAN JUNI 2026;;;;;;
;;;;;;
TGL;KETERANGAN;SALDO AWAL;KAS MASUK;KAS KELUAR;SALDO AKHIR;
;;;;;;
;; Rp	12.347.405,28 ;;; Rp	12.347.405,28 ;
01-Jun;Pengembalian Refund BakingLand Susu Evaporasi Carnation 4Can 30Mei'26;; Rp	70.000,00 ;; Rp	12.417.405,28 ;
;Pembelian Mamasuka Mayonaise@1Kg 10Pack Shopee 1Juni'26;;; Rp	501.200,00 ; Rp	11.916.205,28 ;
;Pembelian Maestro Mustard@1Kg 5Pack Shopee 1Juni'26;;; Rp	339.707,00 ; Rp	11.576.498,28 ;
;Pembelian Tissue Livi Multifold 24Pack Shopee 1Juni'26;;; Rp	187.599,00 ; Rp	11.388.899,28 ;
;Pembelian Tissue Livi Kotak@150Lbr Shopee 1Juni'26;;; Rp	207.690,00 ; Rp	11.181.209,28 ;
;Pembelian Tissue Plenty Kitchen Towel Rolls@20Pcs 24Pack Shopee 1Juni'26;;; Rp	327.200,00 ; Rp	10.854.009,28 ;
;Uang Belanja Bagja 1Juni'26;;; Rp	2.347.500,00 ; Rp	8.506.509,28 ;
;Biaya Bank;;; Rp	2.500,00 ; Rp	8.504.009,28 ;
;Pembelian Ban Motor Belakang Disma 1Juni'26;;; Rp	300.000,00 ; Rp	8.204.009,28 ;
;Pembelian Delta Adib 1Juni'26;;; Rp	180.000,00 ; Rp	8.024.009,28 ;
;Pembelian Safira 1Juni'26;;; Rp	375.000,00 ; Rp	7.649.009,28 ;
;Pembelian HijrahFood 1Juni'26;;; Rp	1.985.500,00 ; Rp	5.663.509,28 ;
;Uang Kouta Internet Rifai Bulan Juni'26;;; Rp	100.000,00 ; Rp	5.563.509,28 ;
;Uang Belanja Bagus 1Juni'26;;; Rp	500.000,00 ; Rp	5.063.509,28 ;
;Disma Operasional Cost Dari Bank Bri;; Rp	50.000.000,00 ;; Rp	55.063.509,28 ;
;Biaya Adm;;; Rp	20.000,00 ; Rp	55.043.509,28 ;
;Pembelian Sagu Tani Liauw Liong Pit@1Kg 10Pack Shopee 1Juni'26;;; Rp	339.800,00 ; Rp	54.703.709,28 ;
;Pembelian Sumpit Bambu@50Pcs 50Pack Shopee 1Juni'26;;; Rp	346.951,00 ; Rp	54.356.758,28 ;
;Disburse Uang Belanja Dari Bca Ke Bank Jago Pak Reza;;; Rp	20.000.000,00 ; Rp	34.356.758,28 ;
;Biaya Bank;;; Rp	2.500,00 ; Rp	34.354.258,28 ;
02-Jun;Pembelian Bumbu Mala Hot Pot Koki Jempol@1Kg Shopee 2Juni'26;;; Rp	124.085,00 ; Rp	34.230.173,28 ;
;Kembalian Uang Belanja Bagja 2Juni'26;; Rp	292.000,00 ;; Rp	34.522.173,28 ;
;Pembelian Mamasuka Mayonaise@1Kg 10Pack Shopee 2Juni'26;;; Rp	517.000,00 ; Rp	34.005.173,28 ;
;Pembelian Delta Adib 2Juni'26;;; Rp	1.116.000,00 ; Rp	32.889.173,28 ;
;Pembelian Safira 2Juni'26;;; Rp	370.000,00 ; Rp	32.519.173,28 ;
;Uang Operasional Pak Ifan 2Juni'26;;; Rp	100.000,00 ; Rp	32.419.173,28 ;
;Pembelian Mitra Kirim 2Juni'26;;; Rp	1.390.000,00 ; Rp	31.029.173,28 ;
;Pembelian Maple Joe@250Gr 4Btl Shopee 2Juni'26;;; Rp	492.000,00 ; Rp	30.537.173,28 ;
;Pembelian Syrupp Dripp Pandan@760Ml 2Btl Shopee 2Juni'26;;; Rp	222.450,00 ; Rp	30.314.723,28 ;
;Pembelian Cireng Isi 20Pcs 30Pack Shopee 2Juni'26;;; Rp	467.827,00 ; Rp	29.846.896,28 ;
;Pembelian Mc Chain Spiral Twister Curly Fries@1,8Kg 7Pack Shopee 2Juni'26;;; Rp	1.186.300,00 ; Rp	28.660.596,28 ;
;Pembelian Mc Chain Spiral Twister Curly Fries@1,8Kg 8Pack Shopee 2Juni'26;;; Rp	1.355.200,00 ; Rp	27.305.396,28 ;
;Pembelian AA Dadi 1Juni'26;;; Rp	4.175.000,00 ; Rp	23.130.396,28 ;
;Pembelian Lestari 3Juni'26;;; Rp	1.220.000,00 ; Rp	21.910.396,28 ;
;Uang Lembur Rifai 2Juni'26;;; Rp	50.000,00 ; Rp	21.860.396,28 ;
;Uang lembur Bagus 31Mei'26;;; Rp	50.000,00 ; Rp	21.810.396,28 ;
03-Jun;Disma Operasional Cost Dari Bank Bri;; Rp	12.000.000,00 ;; Rp	33.810.396,28 ;
;Disma Operasional Cost Dari Bank Mandiri;; Rp	28.000.000,00 ;; Rp	61.810.396,28 ;
;Pembelian Kertas Thermal 80X80 12Roll Shopee 3Juni'26;;; Rp	169.060,00 ; Rp	61.641.336,28 ;
;Pembelian Pak Andi 3Juni'26;;; Rp	43.500.000,00 ; Rp	18.141.336,28 ;
;Pembelian Susu Kental Manis Cap Manis Cap Enak@370Gr 1Ctn Shopee 3Juni'26;;; Rp	556.750,00 ; Rp	17.584.586,28 ;
;Pembelian Tahu walik Isi 10Pcs 30Pack Shopee 3Juni'26;;; Rp	506.000,00 ; Rp	17.078.586,28 ;
;Pembelian Delta Adib 3Juni'26;;; Rp	216.000,00 ; Rp	16.862.586,28 ;
;Pembelian Safira 3Juni'26;;; Rp	405.000,00 ; Rp	16.457.586,28 ;
;Uang Lalamove Pak Purnomo 3Juni'26;;; Rp	400.000,00 ; Rp	16.057.586,28 ;
;Pembelian Beras Hanaro@5Kg 2Krg Tokopedia 3Juni'26;;; Rp	371.600,00 ; Rp	15.685.986,28 ;
04-Jun;Service Ac 3Pcs 4Juni'26;;; Rp	210.000,00 ; Rp	15.475.986,28 ;
;Uang Operasional Rifai 4Juni'26;;; Rp	52.000,00 ; Rp	15.423.986,28 ;
;Pembelian AA Dadi 2Juni'26;;; Rp	1.375.000,00 ; Rp	14.048.986,28 ;
;Pembelian Delta Adib 4Juni'26;;; Rp	360.000,00 ; Rp	13.688.986,28 ;
;Disma Operasional Cost Dari Bank Bri;; Rp	47.000.000,00 ;; Rp	60.688.986,28 ;
;Disburse Uang Belanja Dari Bca Ke Bank Jago Pak Reza;;; Rp	20.000.000,00 ; Rp	40.688.986,28 ;
;Biaya Bank;;; Rp	2.500,00 ; Rp	40.686.486,28 ;
05-Jun;Pembelian Vanilla Topieco@100Ml 1Pack Shopee 5Juni'26;;; Rp	48.500,00 ; Rp	40.637.986,28 ;
;Internet Indosat Hifi ;;; Rp	382.950,00 ; Rp	40.255.036,28 ;
;Listrik Kantor;;; Rp	2.717.897,00 ; Rp	37.537.139,28 ;
;Pembelian Delta Adib 5Juni'26;;; Rp	648.000,00 ; Rp	36.889.139,28 ;
;Pembelian Kantong Plastik Pex Bawang Uk30 3Pack Shopee 5Juni'26;;; Rp	59.700,00 ; Rp	36.829.439,28 ;
;Pembelian Minyak Barco@1Liter 2Pack Shopee 5Juni'26;;; Rp	121.908,00 ; Rp	36.707.531,28 ;
;Pengembalian Pembelian Susu Kental Manis Cap Manis Cap Enak@370Gr 1Ctn Shopee 3Juni'26;; Rp	556.766,00 ;; Rp	37.264.297,28 ;
; Pembelian Susu Kental Manis Cap Manis Cap Enak@370Gr 1Ctn Shopee 5Juni'26;;; Rp	703.000,00 ; Rp	36.561.297,28 ;
;Pembelian AA Dadi 3-4Juni'26;;; Rp	2.462.500,00 ; Rp	34.098.797,28 ;
;Pembelian AA Utom 11-16Mei'26;;; Rp	11.502.100,00 ; Rp	22.596.697,28 ;
;Biaya Bank;;; Rp	2.500,00 ; Rp	22.594.197,28 ;
;Pembelian Aldi 12-16Mei'26;;; Rp	2.771.250,00 ; Rp	19.822.947,28 ;
;Pembelian Suminto 12-16Mei'26;;; Rp	752.000,00 ; Rp	19.070.947,28 ;
;Pembelian Tahu walik Isi 10Pcs 30Pack Shopee 5Juni'26;;; Rp	513.250,00 ; Rp	18.557.697,28 ;
;Pembelian Alfatih 5Juni'26;;; Rp	980.000,00 ; Rp	17.577.697,28 ;
;Pembelian Coca Cola Original@250Ml Isi 24Can 1Ctn Shopee 5Juni'26;;; Rp	193.200,00 ; Rp	17.384.497,28 ;
;Pembelian  A&W Soda Sarsapila@250Ml Isi 24Can 1Ctn Shopee 5Juni'26;;; Rp	161.164,00 ; Rp	17.223.333,28 ;
;Pembelian Lestari 6Juni'26;;; Rp	1.290.000,00 ; Rp	15.933.333,28 ;
06-Jun;Uang Operasional Rifai 6Juni'26;;; Rp	52.000,00 ; Rp	15.881.333,28 ;
;Pemasangan Cctv 5 Juni'26;;; Rp	1.000.000,00 ; Rp	14.881.333,28 ;
;Pembelian Safira 6Juni'26;;; Rp	405.000,00 ; Rp	14.476.333,28 ;
;Disma Operasional Cost Dari Bank Bri;; Rp	43.000.000,00 ;; Rp	57.476.333,28 ;
;Pembelian Kevin 1-6Juni'26;;; Rp	37.565.000,00 ; Rp	19.911.333,28 ;
;Biaya Bank;;; Rp	2.500,00 ; Rp	19.908.833,28 ;
;Pembelian Cireng Isi 20Pcs 30Pack Shopee 6Juni'26;;; Rp	405.395,00 ; Rp	19.503.438,28 ;
;Pembelian Sunlight@4,5Liter 4Jrg Tokopedia 6Juni'26;;; Rp	367.684,00 ; Rp	19.135.754,28 ;
;Kembalian Uang Operasional Rifai 6Juni'26;; Rp	52.000,00 ;; Rp	19.187.754,28 ;
08-Jun;Pembelian Mc Chain Spiral Twister Curly Fries@1,8Kg 7Pack Shopee 8Juni'26;;; Rp	1.086.300,00 ; Rp	18.101.454,28 ;
;Pembelian Mc Chain Spiral Twister Curly Fries@1,8Kg 8Pack Shopee 8Juni'26;;; Rp	1.355.200,00 ; Rp	16.746.254,28 ;
;Pembelian Kentang Aviko Shoestring@2,5Kg 7Pack Shopee 8Juni'26;;; Rp	536.000,00 ; Rp	16.210.254,28 ;
;Pembelian Kentang Aviko Shoestring@2,5Kg 8Pack Shopee 8Juni'26;;; Rp	612.000,00 ; Rp	15.598.254,28 ;
;Kembalian Uang Operasional Rifai 8Juni'26;; Rp	50.000,00 ;; Rp	15.648.254,28 ;
;Pembelian Susu Sunbay Evaporated Milk@380Ml 10Can Shopee 8Juni'26;;; Rp	162.200,00 ; Rp	15.486.054,28 ;
;Telkomsel Pak Damar Juni'26;;; Rp	275.022,00 ; Rp	15.211.032,28 ;
;Pembelian Lestari 9Juni'26;;; Rp	1.290.000,00 ; Rp	13.921.032,28 ;
09-Jun;Pembelian Monin Syrup Leci@700Ml 2Btl Shopee 9Juni'26;;; Rp	322.000,00 ; Rp	13.599.032,28 ;
;Pembelian Mie Cap Kemudi@500Gr 5 Pack Shopee 9Juni'26;;; Rp	136.140,00 ; Rp	13.462.892,28 ;
;Pemasangan Cctv 5 Juni'26;;; Rp	500.000,00 ; Rp	12.962.892,28 ;
;Disma Operasional Cost Dari Bank Mandiri;; Rp	40.000.000,00 ;; Rp	52.962.892,28 ;
;Pembelian Pesek 1-6Juni'26;;; Rp	41.415.000,00 ; Rp	11.547.892,28 ;
;Biaya Bank;;; Rp	2.500,00 ; Rp	11.545.392,28 ;
;Pembelian Delta Adib 8Juni'26;;; Rp	180.000,00 ; Rp	11.365.392,28 ;
;Pembelian Delta Adib 9Juni'26;;; Rp	504.000,00 ; Rp	10.861.392,28 ;
;Pembelian Safira 9Juni'26;;; Rp	405.000,00 ; Rp	10.456.392,28 ;
;Uang Belanja Bagus 9Juni'26;;; Rp	300.000,00 ; Rp	10.156.392,28 ;
10-Jun;Pembelian Susu Sunbay Evaporated Milk@380Ml 6Can Shopee 10Juni'26;;; Rp	95.400,00 ; Rp	10.060.992,28 ;
;Pembelian Safira 10Juni'26;;; Rp	710.000,00 ; Rp	9.350.992,28 ;
;Pembelian Delta Adib 10Juni'26;;; Rp	648.000,00 ; Rp	8.702.992,28 ;
;Kembalian Uang Belanja Bagja 10Juni'26;; Rp	466.218,00 ;; Rp	9.169.210,28 ;
;Pengembalian Pembelian Susu Sunbay Evaporated Milk@380Ml 1Can Shopee 10Juni'26;; Rp	14.567,00 ;; Rp	9.183.777,28 ;
;Pengembalian Kelebihan Tarik Uang Belanja 5Juni'26;; Rp	4.000,00 ;; Rp	9.187.777,28 ;
;Pembelian Mamasuka Mayonaise@1Kg 10Pack Shopee 10Juni'26;;; Rp	497.000,00 ; Rp	8.690.777,28 ;
;Uang Belanja Bagus 10Juni'26;;; Rp	300.000,00 ; Rp	8.390.777,28 ;
;Uang Lembur Sandi 10 Juni'26;;; Rp	100.000,00 ; Rp	8.290.777,28 ;
11-Jun;Pembelian Alfatih 11Juni'26;;; Rp	450.000,00 ; Rp	7.840.777,28 ;
;Pembelian Susu Sunbay Evaporated Milk@380Ml 23Can Shopee 11Juni'26;;; Rp	372.000,00 ; Rp	7.468.777,28 ;
;Pembelian Milo Bubuk@990Gr 1Pack Shopee 11Juni'26;;; Rp	101.800,00 ; Rp	7.366.977,28 ;
;Pembelian Margarine Amanda@200Gr 10Pack Shopee 11Juni'26;;; Rp	78.500,00 ; Rp	7.288.477,28 ;
;Pembelian Milo Bubuk@990Gr 1Pack Shopee 11Juni'26;;; Rp	96.960,00 ; Rp	7.191.517,28 ;
;Ongkir Lalamove Kiat Menunggu Bongkar Muatan 11Juni'26;;; Rp	70.000,00 ; Rp	7.121.517,28 ;
;Pembelian HijrahFood 11Juni'26;;; Rp	1.985.500,00 ; Rp	5.136.017,28 ;
;Pembelian Knorr Chicken@1Kg 3Pack Shopee 11Juni'26;;; Rp	340.000,00 ; Rp	4.796.017,28 ;
;Disma Operasional Cost Dari Bank Bri;; Rp	100.000.000,00 ;; Rp	104.796.017,28 ;
;Pembelian AA Dadi 5Juni'26;;; Rp	1.435.000,00 ; Rp	103.361.017,28 ;
;Pembelian Tinta Printer 11Juni'26;;; Rp	170.000,00 ; Rp	103.191.017,28 ;
;Disburse Uang Belanja Dari Bca Ke Bank Jago Pak Reza;;; Rp	20.000.000,00 ; Rp	83.191.017,28 ;
;Biaya Bank;;; Rp	2.500,00 ; Rp	83.188.517,28 ;
;Pembelian Safira 11Juni'26;;; Rp	355.000,00 ; Rp	82.833.517,28 ;
;Pembelian Delta Adib 11Juni'26;;; Rp	540.000,00 ; Rp	82.293.517,28 ;
;Kembelian Uang Operasional Hilman 11Juni'26;; Rp	50.000,00 ;; Rp	82.343.517,28 ;
;Pembelian Lestari 12Juni'26;;; Rp	1.290.000,00 ; Rp	81.053.517,28 ;
12-Jun;Pembelian Tahu walik Isi 10Pcs 30Pack Shopee 12Juni'26;;; Rp	499.000,00 ; Rp	80.554.517,28 ;
;Pembelian Susu Evaporasi Carnation@405Gr 3Can Shopee 12Juni'26;;; Rp	67.900,00 ; Rp	80.486.617,28 ;
;Pembelian Delta Adib 12Juni'26;;; Rp	360.000,00 ; Rp	80.126.617,28 ;
;Pembelian Safira 12Juni'26;;; Rp	397.500,00 ; Rp	79.729.117,28 ;
;Pembelian Aldi 11Juni'26'26;;; Rp	25.875.000,00 ; Rp	53.854.117,28 ;
;Pembelian AA Utom 19-22Mei'26;;; Rp	4.996.500,00 ; Rp	48.857.617,28 ;
;Biaya Bank;;; Rp	2.500,00 ; Rp	48.855.117,28 ;
;Pembelian Aldi 18-23Mei'26;;; Rp	4.683.000,00 ; Rp	44.172.117,28 ;
;Pembelian Suminto 18-23Mei'26;;; Rp	640.000,00 ; Rp	43.532.117,28 ;
;Pembelian AA Alan 5Juni'26;;; Rp	1.900.000,00 ; Rp	41.632.117,28 ;
;Uang Lembur Sandi 11 Juni'26;;; Rp	50.000,00 ; Rp	41.582.117,28 ;
;Uang Lembur Rifai 12Juni'26;;; Rp	50.000,00 ; Rp	41.532.117,28 ;
13-Jun;Pembelian Delta Adib 13Juni'26;;; Rp	558.000,00 ; Rp	40.974.117,28 ;
;Uang Operasional Rifai 13Juni'26;;; Rp	50.000,00 ; Rp	40.924.117,28 ;
15-Jun;Disma Operasional Cost Dari Bank Bri;; Rp	50.000.000,00 ;; Rp	90.924.117,28 ;
;Pembelian Tissue Plenty Kitchen Towel Rolls@20Pcs 24Pack Shopee 15Juni'26;;; Rp	327.200,00 ; Rp	90.596.917,28 ;
;Pembelian Minyak Vipco@1Liter 12Pack Shopee 15Juni'26;;; Rp	281.595,00 ; Rp	90.315.322,28 ;
;Pembelian Mamasuka Mayonaise@1Kg 20Pack Shopee 15Juni'26;;; Rp	1.103.000,00 ; Rp	89.212.322,28 ;
;Pembelian Paperplate Detpack@50Pcs 10Pack Shopee 15Juni'26;;; Rp	440.525,00 ; Rp	88.771.797,28 ;
;Pembelian Condy Lemon@200Ml 4Pack Shopee 15Juni'26;;; Rp	89.500,00 ; Rp	88.682.297,28 ;
;Pembelian Sarung Tangan Hitam Shamrock@50Pcs 10Pack Shopee 15Juni'26;;; Rp	593.000,00 ; Rp	88.089.297,28 ;
;Pembelian Struk Thermal 58X48 20Roll Shopee 15Juni'26;;; Rp	84.100,00 ; Rp	88.005.197,28 ;
;Pembelian Kevin 8-13Juni'26;;; Rp	25.978.500,00 ; Rp	62.026.697,28 ;
;Biaya Bank;;; Rp	2.500,00 ; Rp	62.024.197,28 ;
;Pembelian Aldi 12-13Juni'26;;; Rp	18.450.000,00 ; Rp	43.574.197,28 ;
;Pembelian AA Dadi 13Juni'26;;; Rp	960.000,00 ; Rp	42.614.197,28 ;
;Pembelian Pesek 8Juni'26;;; Rp	10.105.000,00 ; Rp	32.509.197,28 ;
;Biaya Bank;;; Rp	2.500,00 ; Rp	32.506.697,28 ;
;Pembelian  A&W Soda Sarsapila@250Ml Isi 24Can 1Ctn Shopee 15Juni'26;;; Rp	125.164,00 ; Rp	32.381.533,28 ;
;Pembelian Coca Cola Original@250Ml Isi 24Can 1Ctn Shopee 15Juni'26;;; Rp	177.300,00 ; Rp	32.204.233,28 ;
;Pembelian Delta Adib 15Juni'26;;; Rp	990.000,00 ; Rp	31.214.233,28 ;
;Pembelian Kentang Aviko Shoestring@2,5Kg 7Pack Shopee 15Juni'26;;; Rp	520.040,00 ; Rp	30.694.193,28 ;
;Pembelian Kentang Aviko Shoestring@2,5Kg 8Pack Shopee 15Juni'26;;; Rp	612.000,00 ; Rp	30.082.193,28 ;
;Pembelian Tahu walik Isi 10Pcs 30Pack Shopee 15Juni'26;;; Rp	499.000,00 ; Rp	29.583.193,28 ;
;Pembelian BakingLand 15Juni'26;;; Rp	59.000,00 ; Rp	29.524.193,28 ;
;Uang Lembur Rifai 13Juni'26;;; Rp	50.000,00 ; Rp	29.474.193,28 ;
;Uang Lembur Bagus 14Juni'26;;; Rp	50.000,00 ; Rp	29.424.193,28 ;
;Pembelian Lestari 16Juni'26;;; Rp	1.435.000,00 ; Rp	27.989.193,28 ;
;Disma Operasional Cost Dari Bank Bri;; Rp	40.000.000,00 ;; Rp	67.989.193,28 ;
16-Jun;Pembelian Tasmi Fresh 1-2Mei'26;;; Rp	40.575.000,00 ; Rp	27.414.193,28 ;
;Uang Operasional Rifai 16Juni'26;;; Rp	22.000,00 ; Rp	27.392.193,28 ;
;Pembelian Grapedsed Oil Borges@1Liter 6Btl Shopee 16Juni'26;;; Rp	835.060,00 ; Rp	26.557.133,28 ;
;Pembelian Delta Adib 16Juni'26;;; Rp	684.000,00 ; Rp	25.873.133,28 ;
;Pembelian Alfatih 16Juni'26;;; Rp	1.166.000,00 ; Rp	24.707.133,28 ;
17-Jun;Las Knalpot Grandmax TCO 17Juni'26;;; Rp	350.000,00 ; Rp	24.357.133,28 ;
;Kembelian Uang Operasional Pak Ifan 13Juni'26;; Rp	160.000,00 ;; Rp	24.517.133,28 ;
;;;;; Rp	24.517.133,28 ;
;;;;; Rp	24.517.133,28 ;
;;;;; Rp	24.517.133,28 ;
;;;;; Rp	24.517.133,28 ;
;;;;; Rp	24.517.133,28 ;
;;;;; Rp	24.517.133,28 ;
;;;;; Rp	24.517.133,28 ;
;;;;; Rp	24.517.133,28 ;
;;;;; Rp	24.517.133,28 ;
;;;;; Rp	24.517.133,28 ;
;;;;; Rp	24.517.133,28 ;
;;;;; Rp	24.517.133,28 ;
;;;;; Rp	24.517.133,28 ;
;;;;; Rp	24.517.133,28 ;
;;;;; Rp	24.517.133,28 ;
;;;;; Rp	24.517.133,28 ;
;;;;; Rp	24.517.133,28 ;
;;;;; Rp	24.517.133,28 ;
;;;;; Rp	24.517.133,28 ;
;;;;;;
;;;;;;
;Saldo Awal :; Rp	12.347.405,28 ;;;;
;Mutasi Kredit :; Rp	411.715.551,00 ;;;;
;Mutasi Debet :; Rp	399.545.823,00 ;;;;
;Saldo Akhir :; Rp	24.517.133,28 ;;;;
